{"type":"FeatureCollection","metadata":{"title":"Data4Moz Super Intelligent Health Dataset — ADM3 Administrative Posts","description":"GIS-linked health intelligence at Mozambique administrative post level (~405 units) with 20 novel composite health variables disaggregated from province-level sources. Coordinates represent approximate centroids (WGS84). Produced by Data4Moz Intelligence Engine.","version":"1.0","created":"2026-05-17","crs":"EPSG:4326","geometry_type":"Point (centroid)","adm3_units":204,"novel_variables":20,"source_dataset":"Data4Moz 19-Layer Province Dataset v1.0","coordinate_note":"Approximate centroids based on INE 2017 census geographic knowledge. Not for cadastral use.","novel_variables_list":["HSSI: see DATA_DICTIONARY for definition","ETI: see DATA_DICTIONARY for definition","MMPG: see DATA_DICTIONARY for definition","TECI: see DATA_DICTIONARY for definition","GHAD: see DATA_DICTIONARY for definition","CHCG: see DATA_DICTIONARY for definition","CHVI: see DATA_DICTIONARY for definition","HSER: see DATA_DICTIONARY for definition","HCCR: see DATA_DICTIONARY for definition","HEG: see DATA_DICTIONARY for definition","RFHN: see DATA_DICTIONARY for definition","SDCFR: see DATA_DICTIONARY for definition","DDHRI: see DATA_DICTIONARY for definition","PDBRS: see DATA_DICTIONARY for definition","NEDS: see DATA_DICTIONARY for definition","HWGEI: see DATA_DICTIONARY for definition","UAI: see DATA_DICTIONARY for definition","OHZRP: see DATA_DICTIONARY for definition","IMSS: see DATA_DICTIONARY for definition","DQCS: see DATA_DICTIONARY for definition"]},"features":[{"type":"Feature","geometry":{"type":"Point","coordinates":[35.24,-13.3]},"properties":{"adm3_id":"NI-LIC-001","province":"Niassa","district":"Lichinga","post_name":"Lichinga Sede","pop_2017":128000,"area_km2":420,"urban_class":"urban","pop_density":304.8,"HSSI":3.36,"ETI":0.791,"MMPG":2.693,"TECI":0.32,"GHAD":32.72,"CHCG":28.5,"CHVI":1.43,"HSER":3.95,"HCCR":33.1,"HEG":0.603,"RFHN":0.022,"SDCFR":6.41,"DDHRI":0.03,"PDBRS":10,"NEDS":9.944,"HWGEI":0.52,"UAI":0.09,"OHZRP":6.64,"IMSS":9.944,"DQCS":52,"HSSI_adm3":2.814,"ETI_adm3":0.483,"MMPG_adm3":1.49,"TECI_adm3":0.187,"GHAD_adm3":24.594,"CHCG_adm3":23.966,"CHVI_adm3":0.98,"HSER_adm3":3.373,"HCCR_adm3":26.868,"HEG_adm3":0.5,"RFHN_adm3":0.028,"SDCFR_adm3":5.512,"DDHRI_adm3":0.034,"PDBRS_adm3":9.042,"NEDS_adm3":7.882,"HWGEI_adm3":0.477,"UAI_adm3":0.064,"OHZRP_adm3":9.115,"IMSS_adm3":8.638,"DQCS_adm3":36.916,"coast_dist_km":22,"cross_border_score":0,"facility_access_proxy":3,"malaria_ecotype":"Lowland-Seasonal"}},{"type":"Feature","geometry":{"type":"Point","coordinates":[35.4,-13.58]},"properties":{"adm3_id":"NI-LIC-002","province":"Niassa","district":"Lichinga","post_name":"Namacula","pop_2017":42000,"area_km2":680,"urban_class":"rural","pop_density":61.8,"HSSI":3.36,"ETI":0.791,"MMPG":2.693,"TECI":0.32,"GHAD":32.72,"CHCG":28.5,"CHVI":1.43,"HSER":3.95,"HCCR":33.1,"HEG":0.603,"RFHN":0.022,"SDCFR":6.41,"DDHRI":0.03,"PDBRS":10,"NEDS":9.944,"HWGEI":0.52,"UAI":0.09,"OHZRP":6.64,"IMSS":9.944,"DQCS":52,"HSSI_adm3":3.77,"ETI_adm3":0.985,"MMPG_adm3":2.934,"TECI_adm3":0.422,"GHAD_adm3":41.861,"CHCG_adm3":36.709,"CHVI_adm3":1.883,"HSER_adm3":5.181,"HCCR_adm3":41.33,"HEG_adm3":0.732,"RFHN_adm3":0.035,"SDCFR_adm3":7.529,"DDHRI_adm3":0.048,"PDBRS_adm3":11,"NEDS_adm3":12.582,"HWGEI_adm3":0.66,"UAI_adm3":0.119,"OHZRP_adm3":5.935,"IMSS_adm3":10.105,"DQCS_adm3":66.333,"coast_dist_km":9,"cross_border_score":0,"facility_access_proxy":0.72,"malaria_ecotype":"Lowland-Seasonal"}},{"type":"Feature","geometry":{"type":"Point","coordinates":[35.55,-13.15]},"properties":{"adm3_id":"NI-LIC-003","province":"Niassa","district":"Lichinga","post_name":"Maanga","pop_2017":28000,"area_km2":520,"urban_class":"rural","pop_density":53.8,"HSSI":3.36,"ETI":0.791,"MMPG":2.693,"TECI":0.32,"GHAD":32.72,"CHCG":28.5,"CHVI":1.43,"HSER":3.95,"HCCR":33.1,"HEG":0.603,"RFHN":0.022,"SDCFR":6.41,"DDHRI":0.03,"PDBRS":10,"NEDS":9.944,"HWGEI":0.52,"UAI":0.09,"OHZRP":6.64,"IMSS":9.944,"DQCS":52,"HSSI_adm3":4.51,"ETI_adm3":0.927,"MMPG_adm3":2.872,"TECI_adm3":0.361,"GHAD_adm3":41.975,"CHCG_adm3":37.031,"CHVI_adm3":1.92,"HSER_adm3":4.849,"HCCR_adm3":42.127,"HEG_adm3":0.876,"RFHN_adm3":0.05,"SDCFR_adm3":6.78,"DDHRI_adm3":0.031,"PDBRS_adm3":11,"NEDS_adm3":12.021,"HWGEI_adm3":0.778,"UAI_adm3":0.065,"OHZRP_adm3":3.932,"IMSS_adm3":10.792,"DQCS_adm3":59.571,"coast_dist_km":4,"cross_border_score":0,"facility_access_proxy":0.72,"malaria_ecotype":"Lowland-Seasonal"}},{"type":"Feature","geometry":{"type":"Point","coordinates":[36.53,-14.81]},"properties":{"adm3_id":"NI-CUA-004","province":"Niassa","district":"Cuamba","post_name":"Cuamba Sede","pop_2017":95000,"area_km2":380,"urban_class":"peri-urban","pop_density":250,"HSSI":3.36,"ETI":0.791,"MMPG":2.693,"TECI":0.32,"GHAD":32.72,"CHCG":28.5,"CHVI":1.43,"HSER":3.95,"HCCR":33.1,"HEG":0.603,"RFHN":0.022,"SDCFR":6.41,"DDHRI":0.03,"PDBRS":10,"NEDS":9.944,"HWGEI":0.52,"UAI":0.09,"OHZRP":6.64,"IMSS":9.944,"DQCS":52,"HSSI_adm3":3.749,"ETI_adm3":0.702,"MMPG_adm3":1.916,"TECI_adm3":0.258,"GHAD_adm3":28.235,"CHCG_adm3":30.613,"CHVI_adm3":1.325,"HSER_adm3":3.647,"HCCR_adm3":35.983,"HEG_adm3":0.529,"RFHN_adm3":0.013,"SDCFR_adm3":5.83,"DDHRI_adm3":0.025,"PDBRS_adm3":9.525,"NEDS_adm3":8.873,"HWGEI_adm3":0.529,"UAI_adm3":0.089,"OHZRP_adm3":6.395,"IMSS_adm3":12.319,"DQCS_adm3":53.236,"coast_dist_km":88,"cross_border_score":0,"facility_access_proxy":1.56,"malaria_ecotype":"Lowland-Seasonal"}},{"type":"Feature","geometry":{"type":"Point","coordinates":[36.72,-15.1]},"properties":{"adm3_id":"NI-CUA-005","province":"Niassa","district":"Cuamba","post_name":"Malulu","pop_2017":38000,"area_km2":650,"urban_class":"rural","pop_density":58.5,"HSSI":3.36,"ETI":0.791,"MMPG":2.693,"TECI":0.32,"GHAD":32.72,"CHCG":28.5,"CHVI":1.43,"HSER":3.95,"HCCR":33.1,"HEG":0.603,"RFHN":0.022,"SDCFR":6.41,"DDHRI":0.03,"PDBRS":10,"NEDS":9.944,"HWGEI":0.52,"UAI":0.09,"OHZRP":6.64,"IMSS":9.944,"DQCS":52,"HSSI_adm3":3.394,"ETI_adm3":0.924,"MMPG_adm3":3.14,"TECI_adm3":0.435,"GHAD_adm3":39.006,"CHCG_adm3":28.395,"CHVI_adm3":1.889,"HSER_adm3":4.654,"HCCR_adm3":36.683,"HEG_adm3":0.705,"RFHN_adm3":0.011,"SDCFR_adm3":7.97,"DDHRI_adm3":0.044,"PDBRS_adm3":11,"NEDS_adm3":10.663,"HWGEI_adm3":0.635,"UAI_adm3":0.107,"OHZRP_adm3":6.063,"IMSS_adm3":11.17,"DQCS_adm3":62.962,"coast_dist_km":104,"cross_border_score":0,"facility_access_proxy":0.72,"malaria_ecotype":"Lowland-Seasonal"}},{"type":"Feature","geometry":{"type":"Point","coordinates":[36.85,-14.55]},"properties":{"adm3_id":"NI-CUA-006","province":"Niassa","district":"Cuamba","post_name":"Mitande","pop_2017":31000,"area_km2":590,"urban_class":"rural","pop_density":52.5,"HSSI":3.36,"ETI":0.791,"MMPG":2.693,"TECI":0.32,"GHAD":32.72,"CHCG":28.5,"CHVI":1.43,"HSER":3.95,"HCCR":33.1,"HEG":0.603,"RFHN":0.022,"SDCFR":6.41,"DDHRI":0.03,"PDBRS":10,"NEDS":9.944,"HWGEI":0.52,"UAI":0.09,"OHZRP":6.64,"IMSS":9.944,"DQCS":52,"HSSI_adm3":3.662,"ETI_adm3":0.964,"MMPG_adm3":3.616,"TECI_adm3":0.412,"GHAD_adm3":46.56,"CHCG_adm3":34.375,"CHVI_adm3":1.89,"HSER_adm3":4.404,"HCCR_adm3":43.963,"HEG_adm3":0.755,"RFHN_adm3":0.016,"SDCFR_adm3":8.921,"DDHRI_adm3":0.027,"PDBRS_adm3":11,"NEDS_adm3":13.192,"HWGEI_adm3":0.65,"UAI_adm3":0.098,"OHZRP_adm3":5.623,"IMSS_adm3":13.165,"DQCS_adm3":70.866,"coast_dist_km":115,"cross_border_score":0,"facility_access_proxy":0.72,"malaria_ecotype":"Lowland-Seasonal"}},{"type":"Feature","geometry":{"type":"Point","coordinates":[34.77,-12.46]},"properties":{"adm3_id":"NI-LAG-007","province":"Niassa","district":"Lago","post_name":"Lago Sede","pop_2017":68000,"area_km2":820,"urban_class":"rural","pop_density":82.9,"HSSI":3.36,"ETI":0.791,"MMPG":2.693,"TECI":0.32,"GHAD":32.72,"CHCG":28.5,"CHVI":1.43,"HSER":3.95,"HCCR":33.1,"HEG":0.603,"RFHN":0.022,"SDCFR":6.41,"DDHRI":0.03,"PDBRS":10,"NEDS":9.944,"HWGEI":0.52,"UAI":0.09,"OHZRP":6.64,"IMSS":9.944,"DQCS":52,"HSSI_adm3":4.253,"ETI_adm3":1,"MMPG_adm3":3.271,"TECI_adm3":0.37,"GHAD_adm3":36.326,"CHCG_adm3":28.147,"CHVI_adm3":1.688,"HSER_adm3":5.015,"HCCR_adm3":41.397,"HEG_adm3":0.826,"RFHN_adm3":0.035,"SDCFR_adm3":7.205,"DDHRI_adm3":0.032,"PDBRS_adm3":11,"NEDS_adm3":11.487,"HWGEI_adm3":0.663,"UAI_adm3":0.131,"OHZRP_adm3":4.123,"IMSS_adm3":11.603,"DQCS_adm3":66.35,"coast_dist_km":62,"cross_border_score":8,"facility_access_proxy":0.72,"malaria_ecotype":"Lowland-Seasonal"}},{"type":"Feature","geometry":{"type":"Point","coordinates":[34.55,-12.22]},"properties":{"adm3_id":"NI-LAG-008","province":"Niassa","district":"Lago","post_name":"Cobue","pop_2017":24000,"area_km2":1100,"urban_class":"rural","pop_density":21.8,"HSSI":3.36,"ETI":0.791,"MMPG":2.693,"TECI":0.32,"GHAD":32.72,"CHCG":28.5,"CHVI":1.43,"HSER":3.95,"HCCR":33.1,"HEG":0.603,"RFHN":0.022,"SDCFR":6.41,"DDHRI":0.03,"PDBRS":10,"NEDS":9.944,"HWGEI":0.52,"UAI":0.09,"OHZRP":6.64,"IMSS":9.944,"DQCS":52,"HSSI_adm3":4.069,"ETI_adm3":0.892,"MMPG_adm3":3.432,"TECI_adm3":0.47,"GHAD_adm3":32.568,"CHCG_adm3":35.749,"CHVI_adm3":1.584,"HSER_adm3":4.91,"HCCR_adm3":40.833,"HEG_adm3":0.63,"RFHN_adm3":0.033,"SDCFR_adm3":7.947,"DDHRI_adm3":0.039,"PDBRS_adm3":11,"NEDS_adm3":16.111,"HWGEI_adm3":0.672,"UAI_adm3":0.107,"OHZRP_adm3":5.672,"IMSS_adm3":12.526,"DQCS_adm3":70.153,"coast_dist_km":81,"cross_border_score":8,"facility_access_proxy":0.72,"malaria_ecotype":"Lowland-Seasonal"}},{"type":"Feature","geometry":{"type":"Point","coordinates":[35.64,-14.33]},"properties":{"adm3_id":"NI-MAN-009","province":"Niassa","district":"Mandimba","post_name":"Mandimba Sede","pop_2017":72000,"area_km2":700,"urban_class":"rural","pop_density":102.9,"HSSI":3.36,"ETI":0.791,"MMPG":2.693,"TECI":0.32,"GHAD":32.72,"CHCG":28.5,"CHVI":1.43,"HSER":3.95,"HCCR":33.1,"HEG":0.603,"RFHN":0.022,"SDCFR":6.41,"DDHRI":0.03,"PDBRS":10,"NEDS":9.944,"HWGEI":0.52,"UAI":0.09,"OHZRP":6.64,"IMSS":9.944,"DQCS":52,"HSSI_adm3":4.193,"ETI_adm3":0.991,"MMPG_adm3":3.729,"TECI_adm3":0.379,"GHAD_adm3":33.571,"CHCG_adm3":35.609,"CHVI_adm3":1.572,"HSER_adm3":4.794,"HCCR_adm3":37.465,"HEG_adm3":0.646,"RFHN_adm3":0.029,"SDCFR_adm3":8.539,"DDHRI_adm3":0.05,"PDBRS_adm3":11,"NEDS_adm3":11.123,"HWGEI_adm3":0.757,"UAI_adm3":0.109,"OHZRP_adm3":3.455,"IMSS_adm3":11.668,"DQCS_adm3":61.849,"coast_dist_km":12,"cross_border_score":0,"facility_access_proxy":0.72,"malaria_ecotype":"Lowland-Seasonal"}},{"type":"Feature","geometry":{"type":"Point","coordinates":[35.42,-14.6]},"properties":{"adm3_id":"NI-MAN-010","province":"Niassa","district":"Mandimba","post_name":"Chiuonzo","pop_2017":29000,"area_km2":580,"urban_class":"rural","pop_density":50,"HSSI":3.36,"ETI":0.791,"MMPG":2.693,"TECI":0.32,"GHAD":32.72,"CHCG":28.5,"CHVI":1.43,"HSER":3.95,"HCCR":33.1,"HEG":0.603,"RFHN":0.022,"SDCFR":6.41,"DDHRI":0.03,"PDBRS":10,"NEDS":9.944,"HWGEI":0.52,"UAI":0.09,"OHZRP":6.64,"IMSS":9.944,"DQCS":52,"HSSI_adm3":3.848,"ETI_adm3":0.953,"MMPG_adm3":3.809,"TECI_adm3":0.402,"GHAD_adm3":41.015,"CHCG_adm3":39.211,"CHVI_adm3":1.803,"HSER_adm3":3.974,"HCCR_adm3":42.712,"HEG_adm3":0.586,"RFHN_adm3":0.014,"SDCFR_adm3":6.157,"DDHRI_adm3":0.03,"PDBRS_adm3":11,"NEDS_adm3":10.917,"HWGEI_adm3":0.606,"UAI_adm3":0.106,"OHZRP_adm3":4.999,"IMSS_adm3":13.106,"DQCS_adm3":65.234,"coast_dist_km":7,"cross_border_score":0,"facility_access_proxy":0.72,"malaria_ecotype":"Lowland-Seasonal"}},{"type":"Feature","geometry":{"type":"Point","coordinates":[37.56,-13.22]},"properties":{"adm3_id":"NI-MAR-011","province":"Niassa","district":"Marrupa","post_name":"Marrupa Sede","pop_2017":58000,"area_km2":950,"urban_class":"rural","pop_density":61.1,"HSSI":3.36,"ETI":0.791,"MMPG":2.693,"TECI":0.32,"GHAD":32.72,"CHCG":28.5,"CHVI":1.43,"HSER":3.95,"HCCR":33.1,"HEG":0.603,"RFHN":0.022,"SDCFR":6.41,"DDHRI":0.03,"PDBRS":10,"NEDS":9.944,"HWGEI":0.52,"UAI":0.09,"OHZRP":6.64,"IMSS":9.944,"DQCS":52,"HSSI_adm3":4.563,"ETI_adm3":0.965,"MMPG_adm3":3.343,"TECI_adm3":0.413,"GHAD_adm3":41.022,"CHCG_adm3":39.699,"CHVI_adm3":1.847,"HSER_adm3":4.531,"HCCR_adm3":34.958,"HEG_adm3":0.756,"RFHN_adm3":0.037,"SDCFR_adm3":8.818,"DDHRI_adm3":0.015,"PDBRS_adm3":11,"NEDS_adm3":13.044,"HWGEI_adm3":0.694,"UAI_adm3":0.08,"OHZRP_adm3":6.097,"IMSS_adm3":12.595,"DQCS_adm3":60.909,"coast_dist_km":175,"cross_border_score":0,"facility_access_proxy":0.72,"malaria_ecotype":"Lowland-Seasonal"}},{"type":"Feature","geometry":{"type":"Point","coordinates":[37.88,-13.05]},"properties":{"adm3_id":"NI-MAR-012","province":"Niassa","district":"Marrupa","post_name":"Nungo","pop_2017":21000,"area_km2":780,"urban_class":"rural","pop_density":26.9,"HSSI":3.36,"ETI":0.791,"MMPG":2.693,"TECI":0.32,"GHAD":32.72,"CHCG":28.5,"CHVI":1.43,"HSER":3.95,"HCCR":33.1,"HEG":0.603,"RFHN":0.022,"SDCFR":6.41,"DDHRI":0.03,"PDBRS":10,"NEDS":9.944,"HWGEI":0.52,"UAI":0.09,"OHZRP":6.64,"IMSS":9.944,"DQCS":52,"HSSI_adm3":4.521,"ETI_adm3":1,"MMPG_adm3":3.817,"TECI_adm3":0.37,"GHAD_adm3":40.437,"CHCG_adm3":36.321,"CHVI_adm3":1.644,"HSER_adm3":5.303,"HCCR_adm3":43.098,"HEG_adm3":0.662,"RFHN_adm3":0.013,"SDCFR_adm3":7.091,"DDHRI_adm3":0.014,"PDBRS_adm3":11,"NEDS_adm3":14.27,"HWGEI_adm3":0.661,"UAI_adm3":0.093,"OHZRP_adm3":5.194,"IMSS_adm3":11.891,"DQCS_adm3":63.275,"coast_dist_km":202,"cross_border_score":0,"facility_access_proxy":0.72,"malaria_ecotype":"Lowland-Seasonal"}},{"type":"Feature","geometry":{"type":"Point","coordinates":[35.52,-14.89]},"properties":{"adm3_id":"NI-MEC-013","province":"Niassa","district":"Mecanhelas","post_name":"Mecanhelas Sede","pop_2017":48000,"area_km2":830,"urban_class":"rural","pop_density":57.8,"HSSI":3.36,"ETI":0.791,"MMPG":2.693,"TECI":0.32,"GHAD":32.72,"CHCG":28.5,"CHVI":1.43,"HSER":3.95,"HCCR":33.1,"HEG":0.603,"RFHN":0.022,"SDCFR":6.41,"DDHRI":0.03,"PDBRS":10,"NEDS":9.944,"HWGEI":0.52,"UAI":0.09,"OHZRP":6.64,"IMSS":9.944,"DQCS":52,"HSSI_adm3":4.227,"ETI_adm3":1,"MMPG_adm3":3.397,"TECI_adm3":0.423,"GHAD_adm3":45.68,"CHCG_adm3":33.909,"CHVI_adm3":1.792,"HSER_adm3":4.721,"HCCR_adm3":37.409,"HEG_adm3":0.722,"RFHN_adm3":0.041,"SDCFR_adm3":8.271,"DDHRI_adm3":0.022,"PDBRS_adm3":11,"NEDS_adm3":12.508,"HWGEI_adm3":0.569,"UAI_adm3":0.129,"OHZRP_adm3":4.777,"IMSS_adm3":11.166,"DQCS_adm3":63.907,"coast_dist_km":2,"cross_border_score":0,"facility_access_proxy":0.72,"malaria_ecotype":"Lowland-Seasonal"}},{"type":"Feature","geometry":{"type":"Point","coordinates":[35.78,-14.68]},"properties":{"adm3_id":"NI-MEC-014","province":"Niassa","district":"Mecanhelas","post_name":"Massangulo","pop_2017":22000,"area_km2":620,"urban_class":"rural","pop_density":35.5,"HSSI":3.36,"ETI":0.791,"MMPG":2.693,"TECI":0.32,"GHAD":32.72,"CHCG":28.5,"CHVI":1.43,"HSER":3.95,"HCCR":33.1,"HEG":0.603,"RFHN":0.022,"SDCFR":6.41,"DDHRI":0.03,"PDBRS":10,"NEDS":9.944,"HWGEI":0.52,"UAI":0.09,"OHZRP":6.64,"IMSS":9.944,"DQCS":52,"HSSI_adm3":4.666,"ETI_adm3":1,"MMPG_adm3":3.087,"TECI_adm3":0.374,"GHAD_adm3":30.379,"CHCG_adm3":37.289,"CHVI_adm3":1.891,"HSER_adm3":5.055,"HCCR_adm3":41.517,"HEG_adm3":0.808,"RFHN_adm3":0.061,"SDCFR_adm3":8.205,"DDHRI_adm3":0.021,"PDBRS_adm3":11,"NEDS_adm3":13.119,"HWGEI_adm3":0.69,"UAI_adm3":0.076,"OHZRP_adm3":5.897,"IMSS_adm3":12.752,"DQCS_adm3":61.973,"coast_dist_km":24,"cross_border_score":0,"facility_access_proxy":0.72,"malaria_ecotype":"Lowland-Seasonal"}},{"type":"Feature","geometry":{"type":"Point","coordinates":[37.33,-12.22]},"properties":{"adm3_id":"NI-MEC-015","province":"Niassa","district":"Mecula","post_name":"Mecula Sede","pop_2017":34000,"area_km2":1200,"urban_class":"rural","pop_density":28.3,"HSSI":3.36,"ETI":0.791,"MMPG":2.693,"TECI":0.32,"GHAD":32.72,"CHCG":28.5,"CHVI":1.43,"HSER":3.95,"HCCR":33.1,"HEG":0.603,"RFHN":0.022,"SDCFR":6.41,"DDHRI":0.03,"PDBRS":10,"NEDS":9.944,"HWGEI":0.52,"UAI":0.09,"OHZRP":6.64,"IMSS":9.944,"DQCS":52,"HSSI_adm3":4.393,"ETI_adm3":0.977,"MMPG_adm3":3.168,"TECI_adm3":0.38,"GHAD_adm3":42.459,"CHCG_adm3":33.814,"CHVI_adm3":1.9,"HSER_adm3":4.484,"HCCR_adm3":41.058,"HEG_adm3":0.701,"RFHN_adm3":0.032,"SDCFR_adm3":8.858,"DDHRI_adm3":0.036,"PDBRS_adm3":11,"NEDS_adm3":10.212,"HWGEI_adm3":0.715,"UAI_adm3":0.099,"OHZRP_adm3":5.966,"IMSS_adm3":10.971,"DQCS_adm3":59.931,"coast_dist_km":156,"cross_border_score":7,"facility_access_proxy":0.72,"malaria_ecotype":"Lowland-Seasonal"}},{"type":"Feature","geometry":{"type":"Point","coordinates":[37.68,-11.95]},"properties":{"adm3_id":"NI-MEC-016","province":"Niassa","district":"Mecula","post_name":"Negomano","pop_2017":14000,"area_km2":900,"urban_class":"rural","pop_density":15.6,"HSSI":3.36,"ETI":0.791,"MMPG":2.693,"TECI":0.32,"GHAD":32.72,"CHCG":28.5,"CHVI":1.43,"HSER":3.95,"HCCR":33.1,"HEG":0.603,"RFHN":0.022,"SDCFR":6.41,"DDHRI":0.03,"PDBRS":10,"NEDS":9.944,"HWGEI":0.52,"UAI":0.09,"OHZRP":6.64,"IMSS":9.944,"DQCS":52,"HSSI_adm3":3.845,"ETI_adm3":0.938,"MMPG_adm3":2.873,"TECI_adm3":0.466,"GHAD_adm3":47.046,"CHCG_adm3":35.62,"CHVI_adm3":2.069,"HSER_adm3":5.407,"HCCR_adm3":44.484,"HEG_adm3":0.773,"RFHN_adm3":0.034,"SDCFR_adm3":8.442,"DDHRI_adm3":0.023,"PDBRS_adm3":11,"NEDS_adm3":11.615,"HWGEI_adm3":0.606,"UAI_adm3":0.106,"OHZRP_adm3":6.236,"IMSS_adm3":12.944,"DQCS_adm3":59.106,"coast_dist_km":185,"cross_border_score":7,"facility_access_proxy":0.72,"malaria_ecotype":"Lowland-Seasonal"}},{"type":"Feature","geometry":{"type":"Point","coordinates":[34.77,-12.71]},"properties":{"adm3_id":"NI-MET-017","province":"Niassa","district":"Metangula","post_name":"Metangula Sede","pop_2017":52000,"area_km2":780,"urban_class":"rural","pop_density":66.7,"HSSI":3.36,"ETI":0.791,"MMPG":2.693,"TECI":0.32,"GHAD":32.72,"CHCG":28.5,"CHVI":1.43,"HSER":3.95,"HCCR":33.1,"HEG":0.603,"RFHN":0.022,"SDCFR":6.41,"DDHRI":0.03,"PDBRS":10,"NEDS":9.944,"HWGEI":0.52,"UAI":0.09,"OHZRP":6.64,"IMSS":9.944,"DQCS":52,"HSSI_adm3":4.352,"ETI_adm3":0.972,"MMPG_adm3":3.07,"TECI_adm3":0.35,"GHAD_adm3":36.461,"CHCG_adm3":39.007,"CHVI_adm3":2.019,"HSER_adm3":4.891,"HCCR_adm3":40.9,"HEG_adm3":0.729,"RFHN_adm3":0.022,"SDCFR_adm3":6.16,"DDHRI_adm3":0.029,"PDBRS_adm3":11,"NEDS_adm3":11.138,"HWGEI_adm3":0.65,"UAI_adm3":0.142,"OHZRP_adm3":5.885,"IMSS_adm3":15.59,"DQCS_adm3":55.243,"coast_dist_km":62,"cross_border_score":0,"facility_access_proxy":0.72,"malaria_ecotype":"Lowland-Seasonal"}},{"type":"Feature","geometry":{"type":"Point","coordinates":[36.65,-13.53]},"properties":{"adm3_id":"NI-MUE-018","province":"Niassa","district":"Muembe","post_name":"Muembe Sede","pop_2017":41000,"area_km2":870,"urban_class":"rural","pop_density":47.1,"HSSI":3.36,"ETI":0.791,"MMPG":2.693,"TECI":0.32,"GHAD":32.72,"CHCG":28.5,"CHVI":1.43,"HSER":3.95,"HCCR":33.1,"HEG":0.603,"RFHN":0.022,"SDCFR":6.41,"DDHRI":0.03,"PDBRS":10,"NEDS":9.944,"HWGEI":0.52,"UAI":0.09,"OHZRP":6.64,"IMSS":9.944,"DQCS":52,"HSSI_adm3":3.804,"ETI_adm3":1,"MMPG_adm3":3.247,"TECI_adm3":0.283,"GHAD_adm3":39.405,"CHCG_adm3":33.712,"CHVI_adm3":1.606,"HSER_adm3":5.032,"HCCR_adm3":39.53,"HEG_adm3":0.809,"RFHN_adm3":0.006,"SDCFR_adm3":7.401,"DDHRI_adm3":0.028,"PDBRS_adm3":11,"NEDS_adm3":10.15,"HWGEI_adm3":0.561,"UAI_adm3":0.126,"OHZRP_adm3":6.052,"IMSS_adm3":14.055,"DQCS_adm3":60.595,"coast_dist_km":98,"cross_border_score":0,"facility_access_proxy":0.72,"malaria_ecotype":"Lowland-Seasonal"}},{"type":"Feature","geometry":{"type":"Point","coordinates":[36.88,-13.72]},"properties":{"adm3_id":"NI-MUE-019","province":"Niassa","district":"Muembe","post_name":"Maua","pop_2017":18000,"area_km2":650,"urban_class":"rural","pop_density":27.7,"HSSI":3.36,"ETI":0.791,"MMPG":2.693,"TECI":0.32,"GHAD":32.72,"CHCG":28.5,"CHVI":1.43,"HSER":3.95,"HCCR":33.1,"HEG":0.603,"RFHN":0.022,"SDCFR":6.41,"DDHRI":0.03,"PDBRS":10,"NEDS":9.944,"HWGEI":0.52,"UAI":0.09,"OHZRP":6.64,"IMSS":9.944,"DQCS":52,"HSSI_adm3":4.563,"ETI_adm3":1,"MMPG_adm3":3.634,"TECI_adm3":0.478,"GHAD_adm3":37.936,"CHCG_adm3":38.388,"CHVI_adm3":2.093,"HSER_adm3":5.696,"HCCR_adm3":40.028,"HEG_adm3":0.793,"RFHN_adm3":0.02,"SDCFR_adm3":8.12,"DDHRI_adm3":0.032,"PDBRS_adm3":11,"NEDS_adm3":12.571,"HWGEI_adm3":0.585,"UAI_adm3":0.103,"OHZRP_adm3":5.771,"IMSS_adm3":13.294,"DQCS_adm3":67.617,"coast_dist_km":117,"cross_border_score":0,"facility_access_proxy":0.72,"malaria_ecotype":"Lowland-Seasonal"}},{"type":"Feature","geometry":{"type":"Point","coordinates":[36.32,-13.06]},"properties":{"adm3_id":"NI-NGA-020","province":"Niassa","district":"Ngauma","post_name":"Ngauma Sede","pop_2017":35000,"area_km2":760,"urban_class":"rural","pop_density":46.1,"HSSI":3.36,"ETI":0.791,"MMPG":2.693,"TECI":0.32,"GHAD":32.72,"CHCG":28.5,"CHVI":1.43,"HSER":3.95,"HCCR":33.1,"HEG":0.603,"RFHN":0.022,"SDCFR":6.41,"DDHRI":0.03,"PDBRS":10,"NEDS":9.944,"HWGEI":0.52,"UAI":0.09,"OHZRP":6.64,"IMSS":9.944,"DQCS":52,"HSSI_adm3":4.179,"ETI_adm3":0.909,"MMPG_adm3":3.94,"TECI_adm3":0.523,"GHAD_adm3":37.379,"CHCG_adm3":37.948,"CHVI_adm3":1.691,"HSER_adm3":5.432,"HCCR_adm3":44.758,"HEG_adm3":0.697,"RFHN_adm3":0.015,"SDCFR_adm3":7.861,"DDHRI_adm3":0.054,"PDBRS_adm3":11,"NEDS_adm3":9.731,"HWGEI_adm3":0.704,"UAI_adm3":0.135,"OHZRP_adm3":5.393,"IMSS_adm3":12.327,"DQCS_adm3":58.334,"coast_dist_km":70,"cross_border_score":0,"facility_access_proxy":0.72,"malaria_ecotype":"Lowland-Seasonal"}},{"type":"Feature","geometry":{"type":"Point","coordinates":[36.58,-12.85]},"properties":{"adm3_id":"NI-NGA-021","province":"Niassa","district":"Ngauma","post_name":"Mavago","pop_2017":15000,"area_km2":680,"urban_class":"rural","pop_density":22.1,"HSSI":3.36,"ETI":0.791,"MMPG":2.693,"TECI":0.32,"GHAD":32.72,"CHCG":28.5,"CHVI":1.43,"HSER":3.95,"HCCR":33.1,"HEG":0.603,"RFHN":0.022,"SDCFR":6.41,"DDHRI":0.03,"PDBRS":10,"NEDS":9.944,"HWGEI":0.52,"UAI":0.09,"OHZRP":6.64,"IMSS":9.944,"DQCS":52,"HSSI_adm3":4.124,"ETI_adm3":0.995,"MMPG_adm3":2.906,"TECI_adm3":0.38,"GHAD_adm3":39.616,"CHCG_adm3":32.35,"CHVI_adm3":1.977,"HSER_adm3":4.838,"HCCR_adm3":42.8,"HEG_adm3":0.74,"RFHN_adm3":0.01,"SDCFR_adm3":8.385,"DDHRI_adm3":0.046,"PDBRS_adm3":11,"NEDS_adm3":10.839,"HWGEI_adm3":0.626,"UAI_adm3":0.1,"OHZRP_adm3":5.251,"IMSS_adm3":10.097,"DQCS_adm3":59.295,"coast_dist_km":92,"cross_border_score":0,"facility_access_proxy":0.72,"malaria_ecotype":"Lowland-Seasonal"}},{"type":"Feature","geometry":{"type":"Point","coordinates":[36.5,-14.52]},"properties":{"adm3_id":"NI-NIP-022","province":"Niassa","district":"Nipepe","post_name":"Nipepe Sede","pop_2017":28000,"area_km2":720,"urban_class":"rural","pop_density":38.9,"HSSI":3.36,"ETI":0.791,"MMPG":2.693,"TECI":0.32,"GHAD":32.72,"CHCG":28.5,"CHVI":1.43,"HSER":3.95,"HCCR":33.1,"HEG":0.603,"RFHN":0.022,"SDCFR":6.41,"DDHRI":0.03,"PDBRS":10,"NEDS":9.944,"HWGEI":0.52,"UAI":0.09,"OHZRP":6.64,"IMSS":9.944,"DQCS":52,"HSSI_adm3":3.919,"ETI_adm3":1,"MMPG_adm3":3.497,"TECI_adm3":0.306,"GHAD_adm3":46.519,"CHCG_adm3":38.965,"CHVI_adm3":1.8,"HSER_adm3":4.744,"HCCR_adm3":40.35,"HEG_adm3":0.84,"RFHN_adm3":0.048,"SDCFR_adm3":8.628,"DDHRI_adm3":0.038,"PDBRS_adm3":11,"NEDS_adm3":11.784,"HWGEI_adm3":0.593,"UAI_adm3":0.13,"OHZRP_adm3":4.988,"IMSS_adm3":10.839,"DQCS_adm3":72.468,"coast_dist_km":85,"cross_border_score":0,"facility_access_proxy":0.72,"malaria_ecotype":"Lowland-Seasonal"}},{"type":"Feature","geometry":{"type":"Point","coordinates":[35.44,-12.38]},"properties":{"adm3_id":"NI-SAN-023","province":"Niassa","district":"Sanga","post_name":"Sanga Sede","pop_2017":44000,"area_km2":840,"urban_class":"rural","pop_density":52.4,"HSSI":3.36,"ETI":0.791,"MMPG":2.693,"TECI":0.32,"GHAD":32.72,"CHCG":28.5,"CHVI":1.43,"HSER":3.95,"HCCR":33.1,"HEG":0.603,"RFHN":0.022,"SDCFR":6.41,"DDHRI":0.03,"PDBRS":10,"NEDS":9.944,"HWGEI":0.52,"UAI":0.09,"OHZRP":6.64,"IMSS":9.944,"DQCS":52,"HSSI_adm3":4.705,"ETI_adm3":1,"MMPG_adm3":3.02,"TECI_adm3":0.385,"GHAD_adm3":48.133,"CHCG_adm3":38.021,"CHVI_adm3":1.713,"HSER_adm3":4.831,"HCCR_adm3":40.747,"HEG_adm3":0.786,"RFHN_adm3":0.031,"SDCFR_adm3":8.487,"DDHRI_adm3":0.032,"PDBRS_adm3":11,"NEDS_adm3":11.43,"HWGEI_adm3":0.662,"UAI_adm3":0.089,"OHZRP_adm3":4.201,"IMSS_adm3":13.974,"DQCS_adm3":62.346,"coast_dist_km":5,"cross_border_score":0,"facility_access_proxy":0.72,"malaria_ecotype":"Lowland-Seasonal"}},{"type":"Feature","geometry":{"type":"Point","coordinates":[35.7,-12.6]},"properties":{"adm3_id":"NI-SAN-024","province":"Niassa","district":"Sanga","post_name":"Unango","pop_2017":19000,"area_km2":710,"urban_class":"rural","pop_density":26.8,"HSSI":3.36,"ETI":0.791,"MMPG":2.693,"TECI":0.32,"GHAD":32.72,"CHCG":28.5,"CHVI":1.43,"HSER":3.95,"HCCR":33.1,"HEG":0.603,"RFHN":0.022,"SDCFR":6.41,"DDHRI":0.03,"PDBRS":10,"NEDS":9.944,"HWGEI":0.52,"UAI":0.09,"OHZRP":6.64,"IMSS":9.944,"DQCS":52,"HSSI_adm3":4.136,"ETI_adm3":1,"MMPG_adm3":3.524,"TECI_adm3":0.386,"GHAD_adm3":39.578,"CHCG_adm3":35.975,"CHVI_adm3":1.459,"HSER_adm3":5.104,"HCCR_adm3":37.209,"HEG_adm3":0.639,"RFHN_adm3":0.032,"SDCFR_adm3":7.846,"DDHRI_adm3":0.032,"PDBRS_adm3":11,"NEDS_adm3":12.907,"HWGEI_adm3":0.623,"UAI_adm3":0.131,"OHZRP_adm3":4.408,"IMSS_adm3":11.48,"DQCS_adm3":66.339,"coast_dist_km":17,"cross_border_score":0,"facility_access_proxy":0.72,"malaria_ecotype":"Lowland-Seasonal"}},{"type":"Feature","geometry":{"type":"Point","coordinates":[35.23,-14.23]},"properties":{"adm3_id":"NI-MAJ-025","province":"Niassa","district":"Majune","post_name":"Majune Sede","pop_2017":42000,"area_km2":780,"urban_class":"rural","pop_density":53.8,"HSSI":3.36,"ETI":0.791,"MMPG":2.693,"TECI":0.32,"GHAD":32.72,"CHCG":28.5,"CHVI":1.43,"HSER":3.95,"HCCR":33.1,"HEG":0.603,"RFHN":0.022,"SDCFR":6.41,"DDHRI":0.03,"PDBRS":10,"NEDS":9.944,"HWGEI":0.52,"UAI":0.09,"OHZRP":6.64,"IMSS":9.944,"DQCS":52,"HSSI_adm3":4.023,"ETI_adm3":0.926,"MMPG_adm3":3.323,"TECI_adm3":0.391,"GHAD_adm3":48.399,"CHCG_adm3":33.01,"CHVI_adm3":1.756,"HSER_adm3":4.903,"HCCR_adm3":42.408,"HEG_adm3":0.808,"RFHN_adm3":0.024,"SDCFR_adm3":6.574,"DDHRI_adm3":0.042,"PDBRS_adm3":11,"NEDS_adm3":12.798,"HWGEI_adm3":0.626,"UAI_adm3":0.106,"OHZRP_adm3":4.952,"IMSS_adm3":11.589,"DQCS_adm3":67.678,"coast_dist_km":23,"cross_border_score":0,"facility_access_proxy":0.72,"malaria_ecotype":"Lowland-Seasonal"}},{"type":"Feature","geometry":{"type":"Point","coordinates":[35.05,-14.45]},"properties":{"adm3_id":"NI-MAJ-026","province":"Niassa","district":"Majune","post_name":"Muaguide","pop_2017":17000,"area_km2":620,"urban_class":"rural","pop_density":27.4,"HSSI":3.36,"ETI":0.791,"MMPG":2.693,"TECI":0.32,"GHAD":32.72,"CHCG":28.5,"CHVI":1.43,"HSER":3.95,"HCCR":33.1,"HEG":0.603,"RFHN":0.022,"SDCFR":6.41,"DDHRI":0.03,"PDBRS":10,"NEDS":9.944,"HWGEI":0.52,"UAI":0.09,"OHZRP":6.64,"IMSS":9.944,"DQCS":52,"HSSI_adm3":4.054,"ETI_adm3":0.968,"MMPG_adm3":2.756,"TECI_adm3":0.346,"GHAD_adm3":41.04,"CHCG_adm3":32.678,"CHVI_adm3":1.504,"HSER_adm3":4.809,"HCCR_adm3":36.697,"HEG_adm3":0.664,"RFHN_adm3":0.025,"SDCFR_adm3":7.658,"DDHRI_adm3":0.045,"PDBRS_adm3":11,"NEDS_adm3":13.505,"HWGEI_adm3":0.688,"UAI_adm3":0.095,"OHZRP_adm3":5.374,"IMSS_adm3":12.231,"DQCS_adm3":67.763,"coast_dist_km":38,"cross_border_score":0,"facility_access_proxy":0.72,"malaria_ecotype":"Lowland-Seasonal"}},{"type":"Feature","geometry":{"type":"Point","coordinates":[40.51,-12.97]},"properties":{"adm3_id":"CD-PEM-027","province":"Cabo Delgado","district":"Pemba","post_name":"Pemba Sede","pop_2017":220000,"area_km2":180,"urban_class":"urban","pop_density":1222.2,"HSSI":3.91,"ETI":0.775,"MMPG":2.761,"TECI":0.4,"GHAD":35.88,"CHCG":38.5,"CHVI":5.42,"HSER":4.11,"HCCR":25.88,"HEG":0.75,"RFHN":0.003,"SDCFR":5.56,"DDHRI":0.01,"PDBRS":6,"NEDS":13.104,"HWGEI":0.5,"UAI":0,"OHZRP":5.19,"IMSS":13.104,"DQCS":48,"HSSI_adm3":3.383,"ETI_adm3":0.515,"MMPG_adm3":2.526,"TECI_adm3":0.354,"GHAD_adm3":36.272,"CHCG_adm3":28.311,"CHVI_adm3":4.975,"HSER_adm3":3.785,"HCCR_adm3":22.268,"HEG_adm3":0.741,"RFHN_adm3":0.012,"SDCFR_adm3":4.73,"DDHRI_adm3":0,"PDBRS_adm3":3.931,"NEDS_adm3":11.674,"HWGEI_adm3":0.342,"UAI_adm3":0,"OHZRP_adm3":7.14,"IMSS_adm3":8.803,"DQCS_adm3":32.539,"coast_dist_km":426,"cross_border_score":0,"facility_access_proxy":2.5,"malaria_ecotype":"Coastal-Hyperendemic"}},{"type":"Feature","geometry":{"type":"Point","coordinates":[40.3,-13.15]},"properties":{"adm3_id":"CD-PEM-028","province":"Cabo Delgado","district":"Pemba","post_name":"Pemba-Metuge","pop_2017":48000,"area_km2":450,"urban_class":"peri-urban","pop_density":106.7,"HSSI":3.91,"ETI":0.775,"MMPG":2.761,"TECI":0.4,"GHAD":35.88,"CHCG":38.5,"CHVI":5.42,"HSER":4.11,"HCCR":25.88,"HEG":0.75,"RFHN":0.003,"SDCFR":5.56,"DDHRI":0.01,"PDBRS":6,"NEDS":13.104,"HWGEI":0.5,"UAI":0,"OHZRP":5.19,"IMSS":13.104,"DQCS":48,"HSSI_adm3":4.085,"ETI_adm3":0.732,"MMPG_adm3":2.555,"TECI_adm3":0.43,"GHAD_adm3":35.477,"CHCG_adm3":41.012,"CHVI_adm3":6.422,"HSER_adm3":4.071,"HCCR_adm3":26.148,"HEG_adm3":0.852,"RFHN_adm3":0.003,"SDCFR_adm3":4.822,"DDHRI_adm3":0.01,"PDBRS_adm3":6.222,"NEDS_adm3":14.909,"HWGEI_adm3":0.455,"UAI_adm3":0.003,"OHZRP_adm3":5.164,"IMSS_adm3":11.163,"DQCS_adm3":47.11,"coast_dist_km":408,"cross_border_score":0,"facility_access_proxy":1.3,"malaria_ecotype":"Coastal-Hyperendemic"}},{"type":"Feature","geometry":{"type":"Point","coordinates":[38.99,-13.12]},"properties":{"adm3_id":"CD-MON-029","province":"Cabo Delgado","district":"Montepuez","post_name":"Montepuez Sede","pop_2017":175000,"area_km2":650,"urban_class":"peri-urban","pop_density":269.2,"HSSI":3.91,"ETI":0.775,"MMPG":2.761,"TECI":0.4,"GHAD":35.88,"CHCG":38.5,"CHVI":5.42,"HSER":4.11,"HCCR":25.88,"HEG":0.75,"RFHN":0.003,"SDCFR":5.56,"DDHRI":0.01,"PDBRS":6,"NEDS":13.104,"HWGEI":0.5,"UAI":0,"OHZRP":5.19,"IMSS":13.104,"DQCS":48,"HSSI_adm3":4.108,"ETI_adm3":0.798,"MMPG_adm3":2.579,"TECI_adm3":0.313,"GHAD_adm3":36.446,"CHCG_adm3":34.075,"CHVI_adm3":4.894,"HSER_adm3":4.889,"HCCR_adm3":30.846,"HEG_adm3":0.779,"RFHN_adm3":0.008,"SDCFR_adm3":5.987,"DDHRI_adm3":0,"PDBRS_adm3":6.604,"NEDS_adm3":13.101,"HWGEI_adm3":0.508,"UAI_adm3":0,"OHZRP_adm3":5.825,"IMSS_adm3":13.024,"DQCS_adm3":41.77,"coast_dist_km":297,"cross_border_score":0,"facility_access_proxy":1.3,"malaria_ecotype":"Coastal-Hyperendemic"}},{"type":"Feature","geometry":{"type":"Point","coordinates":[39.22,-12.9]},"properties":{"adm3_id":"CD-MON-030","province":"Cabo Delgado","district":"Montepuez","post_name":"Mapupulo","pop_2017":42000,"area_km2":820,"urban_class":"rural","pop_density":51.2,"HSSI":3.91,"ETI":0.775,"MMPG":2.761,"TECI":0.4,"GHAD":35.88,"CHCG":38.5,"CHVI":5.42,"HSER":4.11,"HCCR":25.88,"HEG":0.75,"RFHN":0.003,"SDCFR":5.56,"DDHRI":0.01,"PDBRS":6,"NEDS":13.104,"HWGEI":0.5,"UAI":0,"OHZRP":5.19,"IMSS":13.104,"DQCS":48,"HSSI_adm3":5.094,"ETI_adm3":1,"MMPG_adm3":3.086,"TECI_adm3":0.541,"GHAD_adm3":46.427,"CHCG_adm3":50.151,"CHVI_adm3":6.974,"HSER_adm3":5.168,"HCCR_adm3":30.061,"HEG_adm3":0.953,"RFHN_adm3":0.002,"SDCFR_adm3":7.565,"DDHRI_adm3":0.015,"PDBRS_adm3":7.391,"NEDS_adm3":16.86,"HWGEI_adm3":0.673,"UAI_adm3":0.006,"OHZRP_adm3":4.731,"IMSS_adm3":14.969,"DQCS_adm3":69.418,"coast_dist_km":316,"cross_border_score":0,"facility_access_proxy":0.6,"malaria_ecotype":"Coastal-Hyperendemic"}},{"type":"Feature","geometry":{"type":"Point","coordinates":[39.15,-13.35]},"properties":{"adm3_id":"CD-MON-031","province":"Cabo Delgado","district":"Montepuez","post_name":"Namara","pop_2017":35000,"area_km2":700,"urban_class":"rural","pop_density":50,"HSSI":3.91,"ETI":0.775,"MMPG":2.761,"TECI":0.4,"GHAD":35.88,"CHCG":38.5,"CHVI":5.42,"HSER":4.11,"HCCR":25.88,"HEG":0.75,"RFHN":0.003,"SDCFR":5.56,"DDHRI":0.01,"PDBRS":6,"NEDS":13.104,"HWGEI":0.5,"UAI":0,"OHZRP":5.19,"IMSS":13.104,"DQCS":48,"HSSI_adm3":5.914,"ETI_adm3":0.916,"MMPG_adm3":3.228,"TECI_adm3":0.619,"GHAD_adm3":58.569,"CHCG_adm3":42.376,"CHVI_adm3":6.296,"HSER_adm3":5.742,"HCCR_adm3":32.136,"HEG_adm3":0.917,"RFHN_adm3":0,"SDCFR_adm3":7.036,"DDHRI_adm3":0.021,"PDBRS_adm3":7.988,"NEDS_adm3":17.189,"HWGEI_adm3":0.687,"UAI_adm3":0,"OHZRP_adm3":3.902,"IMSS_adm3":15.207,"DQCS_adm3":53.86,"coast_dist_km":310,"cross_border_score":0,"facility_access_proxy":0.6,"malaria_ecotype":"Coastal-Hyperendemic"}},{"type":"Feature","geometry":{"type":"Point","coordinates":[39.47,-13.54]},"properties":{"adm3_id":"CD-CHI-032","province":"Cabo Delgado","district":"Chiure","post_name":"Chiure Sede","pop_2017":110000,"area_km2":680,"urban_class":"rural","pop_density":161.8,"HSSI":3.91,"ETI":0.775,"MMPG":2.761,"TECI":0.4,"GHAD":35.88,"CHCG":38.5,"CHVI":5.42,"HSER":4.11,"HCCR":25.88,"HEG":0.75,"RFHN":0.003,"SDCFR":5.56,"DDHRI":0.01,"PDBRS":6,"NEDS":13.104,"HWGEI":0.5,"UAI":0,"OHZRP":5.19,"IMSS":13.104,"DQCS":48,"HSSI_adm3":4.693,"ETI_adm3":0.922,"MMPG_adm3":3.597,"TECI_adm3":0.51,"GHAD_adm3":48.524,"CHCG_adm3":47.18,"CHVI_adm3":6.36,"HSER_adm3":5.259,"HCCR_adm3":36.091,"HEG_adm3":1.005,"RFHN_adm3":0,"SDCFR_adm3":4.875,"DDHRI_adm3":0.009,"PDBRS_adm3":7.162,"NEDS_adm3":16.604,"HWGEI_adm3":0.592,"UAI_adm3":0.006,"OHZRP_adm3":4.425,"IMSS_adm3":15.144,"DQCS_adm3":55.966,"coast_dist_km":337,"cross_border_score":0,"facility_access_proxy":0.6,"malaria_ecotype":"Coastal-Hyperendemic"}},{"type":"Feature","geometry":{"type":"Point","coordinates":[39.65,-13.28]},"properties":{"adm3_id":"CD-CHI-033","province":"Cabo Delgado","district":"Chiure","post_name":"Namogelia","pop_2017":44000,"area_km2":590,"urban_class":"rural","pop_density":74.6,"HSSI":3.91,"ETI":0.775,"MMPG":2.761,"TECI":0.4,"GHAD":35.88,"CHCG":38.5,"CHVI":5.42,"HSER":4.11,"HCCR":25.88,"HEG":0.75,"RFHN":0.003,"SDCFR":5.56,"DDHRI":0.01,"PDBRS":6,"NEDS":13.104,"HWGEI":0.5,"UAI":0,"OHZRP":5.19,"IMSS":13.104,"DQCS":48,"HSSI_adm3":4.642,"ETI_adm3":0.814,"MMPG_adm3":3.387,"TECI_adm3":0.48,"GHAD_adm3":41.798,"CHCG_adm3":48.633,"CHVI_adm3":7.286,"HSER_adm3":5.464,"HCCR_adm3":34.829,"HEG_adm3":0.9,"RFHN_adm3":0,"SDCFR_adm3":6.084,"DDHRI_adm3":0.032,"PDBRS_adm3":6.772,"NEDS_adm3":15.751,"HWGEI_adm3":0.672,"UAI_adm3":0.004,"OHZRP_adm3":3.894,"IMSS_adm3":17.207,"DQCS_adm3":55.994,"coast_dist_km":353,"cross_border_score":0,"facility_access_proxy":0.6,"malaria_ecotype":"Coastal-Hyperendemic"}},{"type":"Feature","geometry":{"type":"Point","coordinates":[39.56,-11.67]},"properties":{"adm3_id":"CD-MUE-034","province":"Cabo Delgado","district":"Mueda","post_name":"Mueda Sede","pop_2017":120000,"area_km2":770,"urban_class":"rural","pop_density":155.8,"HSSI":3.91,"ETI":0.775,"MMPG":2.761,"TECI":0.4,"GHAD":35.88,"CHCG":38.5,"CHVI":5.42,"HSER":4.11,"HCCR":25.88,"HEG":0.75,"RFHN":0.003,"SDCFR":5.56,"DDHRI":0.01,"PDBRS":6,"NEDS":13.104,"HWGEI":0.5,"UAI":0,"OHZRP":5.19,"IMSS":13.104,"DQCS":48,"HSSI_adm3":4.498,"ETI_adm3":0.957,"MMPG_adm3":3.563,"TECI_adm3":0.492,"GHAD_adm3":49.032,"CHCG_adm3":59.446,"CHVI_adm3":6.75,"HSER_adm3":4.892,"HCCR_adm3":30.902,"HEG_adm3":0.961,"RFHN_adm3":0.001,"SDCFR_adm3":8.227,"DDHRI_adm3":0.003,"PDBRS_adm3":7.569,"NEDS_adm3":15.854,"HWGEI_adm3":0.586,"UAI_adm3":0,"OHZRP_adm3":4.885,"IMSS_adm3":16.013,"DQCS_adm3":54.238,"coast_dist_km":345,"cross_border_score":0,"facility_access_proxy":0.6,"malaria_ecotype":"Coastal-Hyperendemic"}},{"type":"Feature","geometry":{"type":"Point","coordinates":[39.38,-11.45]},"properties":{"adm3_id":"CD-MUE-035","province":"Cabo Delgado","district":"Mueda","post_name":"Imbuho","pop_2017":38000,"area_km2":650,"urban_class":"rural","pop_density":58.5,"HSSI":3.91,"ETI":0.775,"MMPG":2.761,"TECI":0.4,"GHAD":35.88,"CHCG":38.5,"CHVI":5.42,"HSER":4.11,"HCCR":25.88,"HEG":0.75,"RFHN":0.003,"SDCFR":5.56,"DDHRI":0.01,"PDBRS":6,"NEDS":13.104,"HWGEI":0.5,"UAI":0,"OHZRP":5.19,"IMSS":13.104,"DQCS":48,"HSSI_adm3":5.183,"ETI_adm3":0.892,"MMPG_adm3":3.575,"TECI_adm3":0.536,"GHAD_adm3":43.288,"CHCG_adm3":41.748,"CHVI_adm3":7.924,"HSER_adm3":4.848,"HCCR_adm3":32.816,"HEG_adm3":1.025,"RFHN_adm3":0.004,"SDCFR_adm3":6.58,"DDHRI_adm3":0.015,"PDBRS_adm3":6.639,"NEDS_adm3":15.086,"HWGEI_adm3":0.716,"UAI_adm3":0,"OHZRP_adm3":4.451,"IMSS_adm3":16.097,"DQCS_adm3":65.207,"coast_dist_km":330,"cross_border_score":0,"facility_access_proxy":0.6,"malaria_ecotype":"Coastal-Hyperendemic"}},{"type":"Feature","geometry":{"type":"Point","coordinates":[40.35,-11.34]},"properties":{"adm3_id":"CD-MOC-036","province":"Cabo Delgado","district":"Mocimboa da Praia","post_name":"Mocimboa Sede","pop_2017":80000,"area_km2":520,"urban_class":"peri-urban","pop_density":153.8,"HSSI":3.91,"ETI":0.775,"MMPG":2.761,"TECI":0.4,"GHAD":35.88,"CHCG":38.5,"CHVI":5.42,"HSER":4.11,"HCCR":25.88,"HEG":0.75,"RFHN":0.003,"SDCFR":5.56,"DDHRI":0.01,"PDBRS":6,"NEDS":13.104,"HWGEI":0.5,"UAI":0,"OHZRP":5.19,"IMSS":13.104,"DQCS":48,"HSSI_adm3":4.451,"ETI_adm3":0.737,"MMPG_adm3":3.212,"TECI_adm3":0.3,"GHAD_adm3":33.766,"CHCG_adm3":45.315,"CHVI_adm3":5.102,"HSER_adm3":4.266,"HCCR_adm3":25.884,"HEG_adm3":0.694,"RFHN_adm3":0,"SDCFR_adm3":4.216,"DDHRI_adm3":0.01,"PDBRS_adm3":5.883,"NEDS_adm3":13.771,"HWGEI_adm3":0.443,"UAI_adm3":0.002,"OHZRP_adm3":4.437,"IMSS_adm3":14.049,"DQCS_adm3":57.326,"coast_dist_km":412,"cross_border_score":0,"facility_access_proxy":1.3,"malaria_ecotype":"Coastal-Hyperendemic"}},{"type":"Feature","geometry":{"type":"Point","coordinates":[40.58,-11.18]},"properties":{"adm3_id":"CD-MOC-037","province":"Cabo Delgado","district":"Mocimboa da Praia","post_name":"Diaca","pop_2017":28000,"area_km2":480,"urban_class":"rural","pop_density":58.3,"HSSI":3.91,"ETI":0.775,"MMPG":2.761,"TECI":0.4,"GHAD":35.88,"CHCG":38.5,"CHVI":5.42,"HSER":4.11,"HCCR":25.88,"HEG":0.75,"RFHN":0.003,"SDCFR":5.56,"DDHRI":0.01,"PDBRS":6,"NEDS":13.104,"HWGEI":0.5,"UAI":0,"OHZRP":5.19,"IMSS":13.104,"DQCS":48,"HSSI_adm3":4.833,"ETI_adm3":0.906,"MMPG_adm3":3.334,"TECI_adm3":0.51,"GHAD_adm3":48.771,"CHCG_adm3":48.819,"CHVI_adm3":7.435,"HSER_adm3":5.472,"HCCR_adm3":32.937,"HEG_adm3":0.876,"RFHN_adm3":0.003,"SDCFR_adm3":7.787,"DDHRI_adm3":0.011,"PDBRS_adm3":8.131,"NEDS_adm3":16.231,"HWGEI_adm3":0.691,"UAI_adm3":0.006,"OHZRP_adm3":4.15,"IMSS_adm3":16.155,"DQCS_adm3":58.168,"coast_dist_km":432,"cross_border_score":0,"facility_access_proxy":0.6,"malaria_ecotype":"Coastal-Hyperendemic"}},{"type":"Feature","geometry":{"type":"Point","coordinates":[40.46,-10.78]},"properties":{"adm3_id":"CD-PAL-038","province":"Cabo Delgado","district":"Palma","post_name":"Palma Sede","pop_2017":65000,"area_km2":680,"urban_class":"rural","pop_density":95.6,"HSSI":3.91,"ETI":0.775,"MMPG":2.761,"TECI":0.4,"GHAD":35.88,"CHCG":38.5,"CHVI":5.42,"HSER":4.11,"HCCR":25.88,"HEG":0.75,"RFHN":0.003,"SDCFR":5.56,"DDHRI":0.01,"PDBRS":6,"NEDS":13.104,"HWGEI":0.5,"UAI":0,"OHZRP":5.19,"IMSS":13.104,"DQCS":48,"HSSI_adm3":4.485,"ETI_adm3":0.962,"MMPG_adm3":2.947,"TECI_adm3":0.477,"GHAD_adm3":44.984,"CHCG_adm3":50.029,"CHVI_adm3":6.839,"HSER_adm3":5.151,"HCCR_adm3":30.896,"HEG_adm3":0.818,"RFHN_adm3":0.004,"SDCFR_adm3":6.959,"DDHRI_adm3":0.011,"PDBRS_adm3":6.564,"NEDS_adm3":15.331,"HWGEI_adm3":0.592,"UAI_adm3":0.021,"OHZRP_adm3":5.091,"IMSS_adm3":15.94,"DQCS_adm3":54.916,"coast_dist_km":422,"cross_border_score":6,"facility_access_proxy":0.6,"malaria_ecotype":"Coastal-Hyperendemic"}},{"type":"Feature","geometry":{"type":"Point","coordinates":[40.28,-10.62]},"properties":{"adm3_id":"CD-PAL-039","province":"Cabo Delgado","district":"Palma","post_name":"Quitunda","pop_2017":22000,"area_km2":520,"urban_class":"rural","pop_density":42.3,"HSSI":3.91,"ETI":0.775,"MMPG":2.761,"TECI":0.4,"GHAD":35.88,"CHCG":38.5,"CHVI":5.42,"HSER":4.11,"HCCR":25.88,"HEG":0.75,"RFHN":0.003,"SDCFR":5.56,"DDHRI":0.01,"PDBRS":6,"NEDS":13.104,"HWGEI":0.5,"UAI":0,"OHZRP":5.19,"IMSS":13.104,"DQCS":48,"HSSI_adm3":4.492,"ETI_adm3":0.842,"MMPG_adm3":3.816,"TECI_adm3":0.607,"GHAD_adm3":46.052,"CHCG_adm3":48.673,"CHVI_adm3":7.301,"HSER_adm3":4.702,"HCCR_adm3":32.164,"HEG_adm3":0.831,"RFHN_adm3":0,"SDCFR_adm3":7.698,"DDHRI_adm3":0.014,"PDBRS_adm3":6.873,"NEDS_adm3":15.332,"HWGEI_adm3":0.726,"UAI_adm3":0.009,"OHZRP_adm3":3.934,"IMSS_adm3":17.124,"DQCS_adm3":51.388,"coast_dist_km":406,"cross_border_score":6,"facility_access_proxy":0.6,"malaria_ecotype":"Coastal-Hyperendemic"}},{"type":"Feature","geometry":{"type":"Point","coordinates":[40.11,-12.36]},"properties":{"adm3_id":"CD-MAC-040","province":"Cabo Delgado","district":"Macomia","post_name":"Macomia Sede","pop_2017":78000,"area_km2":730,"urban_class":"rural","pop_density":106.8,"HSSI":3.91,"ETI":0.775,"MMPG":2.761,"TECI":0.4,"GHAD":35.88,"CHCG":38.5,"CHVI":5.42,"HSER":4.11,"HCCR":25.88,"HEG":0.75,"RFHN":0.003,"SDCFR":5.56,"DDHRI":0.01,"PDBRS":6,"NEDS":13.104,"HWGEI":0.5,"UAI":0,"OHZRP":5.19,"IMSS":13.104,"DQCS":48,"HSSI_adm3":5.199,"ETI_adm3":0.863,"MMPG_adm3":3.338,"TECI_adm3":0.49,"GHAD_adm3":44.91,"CHCG_adm3":50.184,"CHVI_adm3":6.48,"HSER_adm3":4.677,"HCCR_adm3":29.025,"HEG_adm3":0.755,"RFHN_adm3":0,"SDCFR_adm3":7.138,"DDHRI_adm3":0.022,"PDBRS_adm3":6.994,"NEDS_adm3":14.465,"HWGEI_adm3":0.655,"UAI_adm3":0.01,"OHZRP_adm3":4.332,"IMSS_adm3":17.437,"DQCS_adm3":59.06,"coast_dist_km":392,"cross_border_score":0,"facility_access_proxy":0.6,"malaria_ecotype":"Coastal-Hyperendemic"}},{"type":"Feature","geometry":{"type":"Point","coordinates":[40.35,-12.15]},"properties":{"adm3_id":"CD-MAC-041","province":"Cabo Delgado","district":"Macomia","post_name":"Mahate","pop_2017":28000,"area_km2":620,"urban_class":"rural","pop_density":45.2,"HSSI":3.91,"ETI":0.775,"MMPG":2.761,"TECI":0.4,"GHAD":35.88,"CHCG":38.5,"CHVI":5.42,"HSER":4.11,"HCCR":25.88,"HEG":0.75,"RFHN":0.003,"SDCFR":5.56,"DDHRI":0.01,"PDBRS":6,"NEDS":13.104,"HWGEI":0.5,"UAI":0,"OHZRP":5.19,"IMSS":13.104,"DQCS":48,"HSSI_adm3":5.244,"ETI_adm3":1,"MMPG_adm3":3.832,"TECI_adm3":0.597,"GHAD_adm3":46.303,"CHCG_adm3":47.413,"CHVI_adm3":6.742,"HSER_adm3":4.654,"HCCR_adm3":32.631,"HEG_adm3":1.01,"RFHN_adm3":0.008,"SDCFR_adm3":7.261,"DDHRI_adm3":0.027,"PDBRS_adm3":7.469,"NEDS_adm3":17.929,"HWGEI_adm3":0.574,"UAI_adm3":0.031,"OHZRP_adm3":4.394,"IMSS_adm3":16.147,"DQCS_adm3":58.782,"coast_dist_km":412,"cross_border_score":0,"facility_access_proxy":0.6,"malaria_ecotype":"Coastal-Hyperendemic"}},{"type":"Feature","geometry":{"type":"Point","coordinates":[38.59,-13.33]},"properties":{"adm3_id":"CD-BAL-042","province":"Cabo Delgado","district":"Balama","post_name":"Balama Sede","pop_2017":88000,"area_km2":820,"urban_class":"rural","pop_density":107.3,"HSSI":3.91,"ETI":0.775,"MMPG":2.761,"TECI":0.4,"GHAD":35.88,"CHCG":38.5,"CHVI":5.42,"HSER":4.11,"HCCR":25.88,"HEG":0.75,"RFHN":0.003,"SDCFR":5.56,"DDHRI":0.01,"PDBRS":6,"NEDS":13.104,"HWGEI":0.5,"UAI":0,"OHZRP":5.19,"IMSS":13.104,"DQCS":48,"HSSI_adm3":5.148,"ETI_adm3":0.876,"MMPG_adm3":3.582,"TECI_adm3":0.436,"GHAD_adm3":46.684,"CHCG_adm3":54.857,"CHVI_adm3":6.699,"HSER_adm3":4.539,"HCCR_adm3":33.286,"HEG_adm3":1.118,"RFHN_adm3":0.008,"SDCFR_adm3":7.196,"DDHRI_adm3":0.012,"PDBRS_adm3":7.321,"NEDS_adm3":16.504,"HWGEI_adm3":0.599,"UAI_adm3":0.005,"OHZRP_adm3":3.392,"IMSS_adm3":16.508,"DQCS_adm3":57.493,"coast_dist_km":263,"cross_border_score":0,"facility_access_proxy":0.6,"malaria_ecotype":"Coastal-Hyperendemic"}},{"type":"Feature","geometry":{"type":"Point","coordinates":[38.42,-13.52]},"properties":{"adm3_id":"CD-BAL-043","province":"Cabo Delgado","district":"Balama","post_name":"Marave","pop_2017":32000,"area_km2":680,"urban_class":"rural","pop_density":47.1,"HSSI":3.91,"ETI":0.775,"MMPG":2.761,"TECI":0.4,"GHAD":35.88,"CHCG":38.5,"CHVI":5.42,"HSER":4.11,"HCCR":25.88,"HEG":0.75,"RFHN":0.003,"SDCFR":5.56,"DDHRI":0.01,"PDBRS":6,"NEDS":13.104,"HWGEI":0.5,"UAI":0,"OHZRP":5.19,"IMSS":13.104,"DQCS":48,"HSSI_adm3":4.569,"ETI_adm3":0.89,"MMPG_adm3":3.406,"TECI_adm3":0.534,"GHAD_adm3":36.491,"CHCG_adm3":46.012,"CHVI_adm3":6.223,"HSER_adm3":5.175,"HCCR_adm3":31.877,"HEG_adm3":1.08,"RFHN_adm3":0,"SDCFR_adm3":7.422,"DDHRI_adm3":0.021,"PDBRS_adm3":8.186,"NEDS_adm3":15.015,"HWGEI_adm3":0.664,"UAI_adm3":0.005,"OHZRP_adm3":4.371,"IMSS_adm3":15.143,"DQCS_adm3":60.852,"coast_dist_km":248,"cross_border_score":0,"facility_access_proxy":0.6,"malaria_ecotype":"Coastal-Hyperendemic"}},{"type":"Feature","geometry":{"type":"Point","coordinates":[38.78,-13.52]},"properties":{"adm3_id":"CD-NAM-044","province":"Cabo Delgado","district":"Namuno","post_name":"Namuno Sede","pop_2017":72000,"area_km2":750,"urban_class":"rural","pop_density":96,"HSSI":3.91,"ETI":0.775,"MMPG":2.761,"TECI":0.4,"GHAD":35.88,"CHCG":38.5,"CHVI":5.42,"HSER":4.11,"HCCR":25.88,"HEG":0.75,"RFHN":0.003,"SDCFR":5.56,"DDHRI":0.01,"PDBRS":6,"NEDS":13.104,"HWGEI":0.5,"UAI":0,"OHZRP":5.19,"IMSS":13.104,"DQCS":48,"HSSI_adm3":4.999,"ETI_adm3":1,"MMPG_adm3":3.57,"TECI_adm3":0.519,"GHAD_adm3":47.727,"CHCG_adm3":53.367,"CHVI_adm3":7.212,"HSER_adm3":5.519,"HCCR_adm3":28.99,"HEG_adm3":0.775,"RFHN_adm3":0.005,"SDCFR_adm3":8.492,"DDHRI_adm3":0.005,"PDBRS_adm3":7.968,"NEDS_adm3":17.66,"HWGEI_adm3":0.678,"UAI_adm3":0.007,"OHZRP_adm3":3.166,"IMSS_adm3":15.018,"DQCS_adm3":61.521,"coast_dist_km":279,"cross_border_score":5,"facility_access_proxy":0.6,"malaria_ecotype":"Coastal-Hyperendemic"}},{"type":"Feature","geometry":{"type":"Point","coordinates":[39.85,-13.01]},"properties":{"adm3_id":"CD-ANC-045","province":"Cabo Delgado","district":"Ancuabe","post_name":"Ancuabe Sede","pop_2017":62000,"area_km2":640,"urban_class":"rural","pop_density":96.9,"HSSI":3.91,"ETI":0.775,"MMPG":2.761,"TECI":0.4,"GHAD":35.88,"CHCG":38.5,"CHVI":5.42,"HSER":4.11,"HCCR":25.88,"HEG":0.75,"RFHN":0.003,"SDCFR":5.56,"DDHRI":0.01,"PDBRS":6,"NEDS":13.104,"HWGEI":0.5,"UAI":0,"OHZRP":5.19,"IMSS":13.104,"DQCS":48,"HSSI_adm3":4.943,"ETI_adm3":1,"MMPG_adm3":4,"TECI_adm3":0.45,"GHAD_adm3":40.612,"CHCG_adm3":45.142,"CHVI_adm3":7.204,"HSER_adm3":5.133,"HCCR_adm3":34.407,"HEG_adm3":1.01,"RFHN_adm3":0.014,"SDCFR_adm3":7.608,"DDHRI_adm3":0.021,"PDBRS_adm3":7.743,"NEDS_adm3":15.493,"HWGEI_adm3":0.621,"UAI_adm3":0,"OHZRP_adm3":3.652,"IMSS_adm3":17.597,"DQCS_adm3":61.244,"coast_dist_km":370,"cross_border_score":0,"facility_access_proxy":0.6,"malaria_ecotype":"Coastal-Hyperendemic"}},{"type":"Feature","geometry":{"type":"Point","coordinates":[39.43,-12.34]},"properties":{"adm3_id":"CD-MEL-046","province":"Cabo Delgado","district":"Meluco","post_name":"Meluco Sede","pop_2017":35000,"area_km2":850,"urban_class":"rural","pop_density":41.2,"HSSI":3.91,"ETI":0.775,"MMPG":2.761,"TECI":0.4,"GHAD":35.88,"CHCG":38.5,"CHVI":5.42,"HSER":4.11,"HCCR":25.88,"HEG":0.75,"RFHN":0.003,"SDCFR":5.56,"DDHRI":0.01,"PDBRS":6,"NEDS":13.104,"HWGEI":0.5,"UAI":0,"OHZRP":5.19,"IMSS":13.104,"DQCS":48,"HSSI_adm3":4.992,"ETI_adm3":0.884,"MMPG_adm3":4,"TECI_adm3":0.51,"GHAD_adm3":38.626,"CHCG_adm3":47.846,"CHVI_adm3":7.167,"HSER_adm3":4.372,"HCCR_adm3":33.108,"HEG_adm3":1.08,"RFHN_adm3":0.012,"SDCFR_adm3":5.88,"DDHRI_adm3":0.004,"PDBRS_adm3":7.571,"NEDS_adm3":14.154,"HWGEI_adm3":0.627,"UAI_adm3":0,"OHZRP_adm3":4.729,"IMSS_adm3":17.084,"DQCS_adm3":58.783,"coast_dist_km":334,"cross_border_score":0,"facility_access_proxy":0.6,"malaria_ecotype":"Coastal-Hyperendemic"}},{"type":"Feature","geometry":{"type":"Point","coordinates":[39.88,-11.42]},"properties":{"adm3_id":"CD-MUI-047","province":"Cabo Delgado","district":"Muidumbe","post_name":"Muidumbe Sede","pop_2017":55000,"area_km2":620,"urban_class":"rural","pop_density":88.7,"HSSI":3.91,"ETI":0.775,"MMPG":2.761,"TECI":0.4,"GHAD":35.88,"CHCG":38.5,"CHVI":5.42,"HSER":4.11,"HCCR":25.88,"HEG":0.75,"RFHN":0.003,"SDCFR":5.56,"DDHRI":0.01,"PDBRS":6,"NEDS":13.104,"HWGEI":0.5,"UAI":0,"OHZRP":5.19,"IMSS":13.104,"DQCS":48,"HSSI_adm3":5.305,"ETI_adm3":0.942,"MMPG_adm3":3.475,"TECI_adm3":0.57,"GHAD_adm3":44.598,"CHCG_adm3":43.162,"CHVI_adm3":7.79,"HSER_adm3":5.073,"HCCR_adm3":30.84,"HEG_adm3":0.892,"RFHN_adm3":0.003,"SDCFR_adm3":7.252,"DDHRI_adm3":0.024,"PDBRS_adm3":7.693,"NEDS_adm3":17.996,"HWGEI_adm3":0.663,"UAI_adm3":0,"OHZRP_adm3":4.274,"IMSS_adm3":17.101,"DQCS_adm3":55.759,"coast_dist_km":372,"cross_border_score":0,"facility_access_proxy":0.6,"malaria_ecotype":"Coastal-Hyperendemic"}},{"type":"Feature","geometry":{"type":"Point","coordinates":[39.73,-11.07]},"properties":{"adm3_id":"CD-NAN-048","province":"Cabo Delgado","district":"Nangade","post_name":"Nangade Sede","pop_2017":42000,"area_km2":780,"urban_class":"rural","pop_density":53.8,"HSSI":3.91,"ETI":0.775,"MMPG":2.761,"TECI":0.4,"GHAD":35.88,"CHCG":38.5,"CHVI":5.42,"HSER":4.11,"HCCR":25.88,"HEG":0.75,"RFHN":0.003,"SDCFR":5.56,"DDHRI":0.01,"PDBRS":6,"NEDS":13.104,"HWGEI":0.5,"UAI":0,"OHZRP":5.19,"IMSS":13.104,"DQCS":48,"HSSI_adm3":4.995,"ETI_adm3":0.993,"MMPG_adm3":3.506,"TECI_adm3":0.481,"GHAD_adm3":45.212,"CHCG_adm3":50.232,"CHVI_adm3":7.732,"HSER_adm3":5.082,"HCCR_adm3":31.766,"HEG_adm3":0.948,"RFHN_adm3":0,"SDCFR_adm3":7.723,"DDHRI_adm3":0.036,"PDBRS_adm3":7.078,"NEDS_adm3":15.53,"HWGEI_adm3":0.632,"UAI_adm3":0.006,"OHZRP_adm3":3.856,"IMSS_adm3":16.824,"DQCS_adm3":62.563,"coast_dist_km":360,"cross_border_score":7,"facility_access_proxy":0.6,"malaria_ecotype":"Coastal-Hyperendemic"}},{"type":"Feature","geometry":{"type":"Point","coordinates":[40.59,-12.35]},"properties":{"adm3_id":"CD-IBO-049","province":"Cabo Delgado","district":"Ibo","post_name":"Ibo Sede","pop_2017":18000,"area_km2":150,"urban_class":"rural","pop_density":120,"HSSI":3.91,"ETI":0.775,"MMPG":2.761,"TECI":0.4,"GHAD":35.88,"CHCG":38.5,"CHVI":5.42,"HSER":4.11,"HCCR":25.88,"HEG":0.75,"RFHN":0.003,"SDCFR":5.56,"DDHRI":0.01,"PDBRS":6,"NEDS":13.104,"HWGEI":0.5,"UAI":0,"OHZRP":5.19,"IMSS":13.104,"DQCS":48,"HSSI_adm3":5.213,"ETI_adm3":1,"MMPG_adm3":3.819,"TECI_adm3":0.402,"GHAD_adm3":41.857,"CHCG_adm3":54.816,"CHVI_adm3":6.527,"HSER_adm3":5.848,"HCCR_adm3":29.228,"HEG_adm3":0.737,"RFHN_adm3":0,"SDCFR_adm3":7.764,"DDHRI_adm3":0.011,"PDBRS_adm3":7.92,"NEDS_adm3":15.733,"HWGEI_adm3":0.56,"UAI_adm3":0,"OHZRP_adm3":4.331,"IMSS_adm3":16.453,"DQCS_adm3":60.048,"coast_dist_km":433,"cross_border_score":0,"facility_access_proxy":0.6,"malaria_ecotype":"Coastal-Hyperendemic"}},{"type":"Feature","geometry":{"type":"Point","coordinates":[40.5,-12.45]},"properties":{"adm3_id":"CD-QUI-050","province":"Cabo Delgado","district":"Quissanga","post_name":"Quissanga Sede","pop_2017":32000,"area_km2":420,"urban_class":"rural","pop_density":76.2,"HSSI":3.91,"ETI":0.775,"MMPG":2.761,"TECI":0.4,"GHAD":35.88,"CHCG":38.5,"CHVI":5.42,"HSER":4.11,"HCCR":25.88,"HEG":0.75,"RFHN":0.003,"SDCFR":5.56,"DDHRI":0.01,"PDBRS":6,"NEDS":13.104,"HWGEI":0.5,"UAI":0,"OHZRP":5.19,"IMSS":13.104,"DQCS":48,"HSSI_adm3":4.92,"ETI_adm3":0.898,"MMPG_adm3":3.163,"TECI_adm3":0.499,"GHAD_adm3":48.436,"CHCG_adm3":47.767,"CHVI_adm3":7.021,"HSER_adm3":4.644,"HCCR_adm3":30.217,"HEG_adm3":0.964,"RFHN_adm3":0.009,"SDCFR_adm3":6.661,"DDHRI_adm3":0,"PDBRS_adm3":6.955,"NEDS_adm3":16.445,"HWGEI_adm3":0.584,"UAI_adm3":0.001,"OHZRP_adm3":4.01,"IMSS_adm3":17.482,"DQCS_adm3":63.42,"coast_dist_km":425,"cross_border_score":0,"facility_access_proxy":0.6,"malaria_ecotype":"Coastal-Hyperendemic"}},{"type":"Feature","geometry":{"type":"Point","coordinates":[40.55,-13.32]},"properties":{"adm3_id":"CD-MEC-051","province":"Cabo Delgado","district":"Mecufi","post_name":"Mecufi Sede","pop_2017":28000,"area_km2":380,"urban_class":"rural","pop_density":73.7,"HSSI":3.91,"ETI":0.775,"MMPG":2.761,"TECI":0.4,"GHAD":35.88,"CHCG":38.5,"CHVI":5.42,"HSER":4.11,"HCCR":25.88,"HEG":0.75,"RFHN":0.003,"SDCFR":5.56,"DDHRI":0.01,"PDBRS":6,"NEDS":13.104,"HWGEI":0.5,"UAI":0,"OHZRP":5.19,"IMSS":13.104,"DQCS":48,"HSSI_adm3":5.026,"ETI_adm3":0.951,"MMPG_adm3":3.565,"TECI_adm3":0.448,"GHAD_adm3":39.058,"CHCG_adm3":47.213,"CHVI_adm3":6.363,"HSER_adm3":5.005,"HCCR_adm3":31.231,"HEG_adm3":0.831,"RFHN_adm3":0.006,"SDCFR_adm3":7.739,"DDHRI_adm3":0.007,"PDBRS_adm3":7.909,"NEDS_adm3":18.188,"HWGEI_adm3":0.637,"UAI_adm3":0.011,"OHZRP_adm3":4.056,"IMSS_adm3":17.86,"DQCS_adm3":63.042,"coast_dist_km":429,"cross_border_score":5,"facility_access_proxy":0.6,"malaria_ecotype":"Coastal-Hyperendemic"}},{"type":"Feature","geometry":{"type":"Point","coordinates":[39.27,-15.12]},"properties":{"adm3_id":"NP-NAM-052","province":"Nampula","district":"Nampula","post_name":"Nampula Sede","pop_2017":650000,"area_km2":280,"urban_class":"urban","pop_density":2321.4,"HSSI":3.83,"ETI":0.795,"MMPG":3.088,"TECI":1.74,"GHAD":21,"CHCG":18.5,"CHVI":5.49,"HSER":6.23,"HCCR":32.23,"HEG":0.462,"RFHN":0.006,"SDCFR":2.44,"DDHRI":0.01,"PDBRS":7,"NEDS":11.025,"HWGEI":0.53,"UAI":0.29000000000000004,"OHZRP":4.36,"IMSS":7.938,"DQCS":56,"HSSI_adm3":3.36,"ETI_adm3":0.693,"MMPG_adm3":2.461,"TECI_adm3":1.317,"GHAD_adm3":15.77,"CHCG_adm3":12.314,"CHVI_adm3":4.408,"HSER_adm3":5.851,"HCCR_adm3":28.964,"HEG_adm3":0.383,"RFHN_adm3":0.011,"SDCFR_adm3":2.233,"DDHRI_adm3":0.021,"PDBRS_adm3":6.276,"NEDS_adm3":8.847,"HWGEI_adm3":0.488,"UAI_adm3":0.261,"OHZRP_adm3":5.582,"IMSS_adm3":7.228,"DQCS_adm3":38.416,"coast_dist_km":320,"cross_border_score":0,"facility_access_proxy":3.5,"malaria_ecotype":"Coastal-Hyperendemic"}},{"type":"Feature","geometry":{"type":"Point","coordinates":[39.08,-15.3]},"properties":{"adm3_id":"NP-NAM-053","province":"Nampula","district":"Nampula","post_name":"Anchilo","pop_2017":95000,"area_km2":380,"urban_class":"peri-urban","pop_density":250,"HSSI":3.83,"ETI":0.795,"MMPG":3.088,"TECI":1.74,"GHAD":21,"CHCG":18.5,"CHVI":5.49,"HSER":6.23,"HCCR":32.23,"HEG":0.462,"RFHN":0.006,"SDCFR":2.44,"DDHRI":0.01,"PDBRS":7,"NEDS":11.025,"HWGEI":0.53,"UAI":0.29000000000000004,"OHZRP":4.36,"IMSS":7.938,"DQCS":56,"HSSI_adm3":3.146,"ETI_adm3":0.827,"MMPG_adm3":3.207,"TECI_adm3":1.722,"GHAD_adm3":19.52,"CHCG_adm3":17.989,"CHVI_adm3":5.089,"HSER_adm3":6.459,"HCCR_adm3":30.575,"HEG_adm3":0.36,"RFHN_adm3":0.007,"SDCFR_adm3":3.219,"DDHRI_adm3":0.016,"PDBRS_adm3":7.12,"NEDS_adm3":9.427,"HWGEI_adm3":0.615,"UAI_adm3":0.285,"OHZRP_adm3":3.972,"IMSS_adm3":7.841,"DQCS_adm3":49.56,"coast_dist_km":304,"cross_border_score":0,"facility_access_proxy":1.82,"malaria_ecotype":"Coastal-Hyperendemic"}},{"type":"Feature","geometry":{"type":"Point","coordinates":[39.45,-14.92]},"properties":{"adm3_id":"NP-NAM-054","province":"Nampula","district":"Nampula","post_name":"Muatala","pop_2017":88000,"area_km2":350,"urban_class":"peri-urban","pop_density":251.4,"HSSI":3.83,"ETI":0.795,"MMPG":3.088,"TECI":1.74,"GHAD":21,"CHCG":18.5,"CHVI":5.49,"HSER":6.23,"HCCR":32.23,"HEG":0.462,"RFHN":0.006,"SDCFR":2.44,"DDHRI":0.01,"PDBRS":7,"NEDS":11.025,"HWGEI":0.53,"UAI":0.29000000000000004,"OHZRP":4.36,"IMSS":7.938,"DQCS":56,"HSSI_adm3":3.68,"ETI_adm3":0.767,"MMPG_adm3":2.771,"TECI_adm3":1.367,"GHAD_adm3":20.882,"CHCG_adm3":14.948,"CHVI_adm3":6.574,"HSER_adm3":6.516,"HCCR_adm3":33.887,"HEG_adm3":0.498,"RFHN_adm3":0.015,"SDCFR_adm3":2.213,"DDHRI_adm3":0.013,"PDBRS_adm3":6.9,"NEDS_adm3":11.75,"HWGEI_adm3":0.571,"UAI_adm3":0.268,"OHZRP_adm3":4.382,"IMSS_adm3":9.273,"DQCS_adm3":52.608,"coast_dist_km":336,"cross_border_score":0,"facility_access_proxy":1.82,"malaria_ecotype":"Coastal-Hyperendemic"}},{"type":"Feature","geometry":{"type":"Point","coordinates":[39.91,-16.23]},"properties":{"adm3_id":"NP-ANG-055","province":"Nampula","district":"Angoche","post_name":"Angoche Sede","pop_2017":145000,"area_km2":520,"urban_class":"peri-urban","pop_density":278.8,"HSSI":3.83,"ETI":0.795,"MMPG":3.088,"TECI":1.74,"GHAD":21,"CHCG":18.5,"CHVI":5.49,"HSER":6.23,"HCCR":32.23,"HEG":0.462,"RFHN":0.006,"SDCFR":2.44,"DDHRI":0.01,"PDBRS":7,"NEDS":11.025,"HWGEI":0.53,"UAI":0.29000000000000004,"OHZRP":4.36,"IMSS":7.938,"DQCS":56,"HSSI_adm3":3.609,"ETI_adm3":0.785,"MMPG_adm3":2.483,"TECI_adm3":1.386,"GHAD_adm3":21.706,"CHCG_adm3":16.464,"CHVI_adm3":5.733,"HSER_adm3":6.288,"HCCR_adm3":30.837,"HEG_adm3":0.529,"RFHN_adm3":0.007,"SDCFR_adm3":2.286,"DDHRI_adm3":0.021,"PDBRS_adm3":7.228,"NEDS_adm3":10.379,"HWGEI_adm3":0.545,"UAI_adm3":0.328,"OHZRP_adm3":4.193,"IMSS_adm3":8.158,"DQCS_adm3":51.257,"coast_dist_km":375,"cross_border_score":0,"facility_access_proxy":1.82,"malaria_ecotype":"Lowland-Holoendemic"}},{"type":"Feature","geometry":{"type":"Point","coordinates":[40.12,-16.48]},"properties":{"adm3_id":"NP-ANG-056","province":"Nampula","district":"Angoche","post_name":"Namige","pop_2017":52000,"area_km2":650,"urban_class":"rural","pop_density":80,"HSSI":3.83,"ETI":0.795,"MMPG":3.088,"TECI":1.74,"GHAD":21,"CHCG":18.5,"CHVI":5.49,"HSER":6.23,"HCCR":32.23,"HEG":0.462,"RFHN":0.006,"SDCFR":2.44,"DDHRI":0.01,"PDBRS":7,"NEDS":11.025,"HWGEI":0.53,"UAI":0.29000000000000004,"OHZRP":4.36,"IMSS":7.938,"DQCS":56,"HSSI_adm3":4.487,"ETI_adm3":0.893,"MMPG_adm3":3.071,"TECI_adm3":2.28,"GHAD_adm3":23.7,"CHCG_adm3":23.631,"CHVI_adm3":6.717,"HSER_adm3":7.955,"HCCR_adm3":40.929,"HEG_adm3":0.526,"RFHN_adm3":0.016,"SDCFR_adm3":2.957,"DDHRI_adm3":0.018,"PDBRS_adm3":7.119,"NEDS_adm3":16.298,"HWGEI_adm3":0.702,"UAI_adm3":0.388,"OHZRP_adm3":2.555,"IMSS_adm3":10.531,"DQCS_adm3":73.391,"coast_dist_km":393,"cross_border_score":0,"facility_access_proxy":0.84,"malaria_ecotype":"Lowland-Holoendemic"}},{"type":"Feature","geometry":{"type":"Point","coordinates":[40.67,-14.54]},"properties":{"adm3_id":"NP-NAC-057","province":"Nampula","district":"Nacala Porto","post_name":"Nacala Sede","pop_2017":280000,"area_km2":210,"urban_class":"urban","pop_density":1333.3,"HSSI":3.83,"ETI":0.795,"MMPG":3.088,"TECI":1.74,"GHAD":21,"CHCG":18.5,"CHVI":5.49,"HSER":6.23,"HCCR":32.23,"HEG":0.462,"RFHN":0.006,"SDCFR":2.44,"DDHRI":0.01,"PDBRS":7,"NEDS":11.025,"HWGEI":0.53,"UAI":0.29000000000000004,"OHZRP":4.36,"IMSS":7.938,"DQCS":56,"HSSI_adm3":2.935,"ETI_adm3":0.618,"MMPG_adm3":2.045,"TECI_adm3":1.278,"GHAD_adm3":18.632,"CHCG_adm3":17.741,"CHVI_adm3":5.19,"HSER_adm3":5.379,"HCCR_adm3":25.418,"HEG_adm3":0.295,"RFHN_adm3":0.014,"SDCFR_adm3":1.804,"DDHRI_adm3":0.021,"PDBRS_adm3":5.772,"NEDS_adm3":8.819,"HWGEI_adm3":0.389,"UAI_adm3":0.179,"OHZRP_adm3":4.741,"IMSS_adm3":6.622,"DQCS_adm3":46.377,"coast_dist_km":439,"cross_border_score":0,"facility_access_proxy":3.5,"malaria_ecotype":"Coastal-Hyperendemic"}},{"type":"Feature","geometry":{"type":"Point","coordinates":[40.52,-14.7]},"properties":{"adm3_id":"NP-NAC-058","province":"Nampula","district":"Nacala Porto","post_name":"Nacala-a-Velha","pop_2017":68000,"area_km2":350,"urban_class":"peri-urban","pop_density":194.3,"HSSI":3.83,"ETI":0.795,"MMPG":3.088,"TECI":1.74,"GHAD":21,"CHCG":18.5,"CHVI":5.49,"HSER":6.23,"HCCR":32.23,"HEG":0.462,"RFHN":0.006,"SDCFR":2.44,"DDHRI":0.01,"PDBRS":7,"NEDS":11.025,"HWGEI":0.53,"UAI":0.29000000000000004,"OHZRP":4.36,"IMSS":7.938,"DQCS":56,"HSSI_adm3":4.532,"ETI_adm3":0.775,"MMPG_adm3":2.913,"TECI_adm3":1.179,"GHAD_adm3":21.159,"CHCG_adm3":24.765,"CHVI_adm3":4.038,"HSER_adm3":5.818,"HCCR_adm3":34.49,"HEG_adm3":0.321,"RFHN_adm3":0,"SDCFR_adm3":2.171,"DDHRI_adm3":0.02,"PDBRS_adm3":6.935,"NEDS_adm3":8.046,"HWGEI_adm3":0.522,"UAI_adm3":0.28,"OHZRP_adm3":5.196,"IMSS_adm3":8.176,"DQCS_adm3":60.935,"coast_dist_km":427,"cross_border_score":0,"facility_access_proxy":1.82,"malaria_ecotype":"Coastal-Hyperendemic"}},{"type":"Feature","geometry":{"type":"Point","coordinates":[40.32,-14.99]},"properties":{"adm3_id":"NP-MON-059","province":"Nampula","district":"Monapo","post_name":"Monapo Sede","pop_2017":180000,"area_km2":650,"urban_class":"peri-urban","pop_density":276.9,"HSSI":3.83,"ETI":0.795,"MMPG":3.088,"TECI":1.74,"GHAD":21,"CHCG":18.5,"CHVI":5.49,"HSER":6.23,"HCCR":32.23,"HEG":0.462,"RFHN":0.006,"SDCFR":2.44,"DDHRI":0.01,"PDBRS":7,"NEDS":11.025,"HWGEI":0.53,"UAI":0.29000000000000004,"OHZRP":4.36,"IMSS":7.938,"DQCS":56,"HSSI_adm3":3.423,"ETI_adm3":0.812,"MMPG_adm3":2.976,"TECI_adm3":1.912,"GHAD_adm3":16.213,"CHCG_adm3":17.192,"CHVI_adm3":4.143,"HSER_adm3":6.676,"HCCR_adm3":30.846,"HEG_adm3":0.445,"RFHN_adm3":0,"SDCFR_adm3":1.603,"DDHRI_adm3":0.026,"PDBRS_adm3":6.971,"NEDS_adm3":11.501,"HWGEI_adm3":0.487,"UAI_adm3":0.295,"OHZRP_adm3":4.565,"IMSS_adm3":7.23,"DQCS_adm3":57.78,"coast_dist_km":410,"cross_border_score":0,"facility_access_proxy":1.82,"malaria_ecotype":"Coastal-Hyperendemic"}},{"type":"Feature","geometry":{"type":"Point","coordinates":[40.48,-14.75]},"properties":{"adm3_id":"NP-MON-060","province":"Nampula","district":"Monapo","post_name":"Iapala","pop_2017":62000,"area_km2":580,"urban_class":"rural","pop_density":106.9,"HSSI":3.83,"ETI":0.795,"MMPG":3.088,"TECI":1.74,"GHAD":21,"CHCG":18.5,"CHVI":5.49,"HSER":6.23,"HCCR":32.23,"HEG":0.462,"RFHN":0.006,"SDCFR":2.44,"DDHRI":0.01,"PDBRS":7,"NEDS":11.025,"HWGEI":0.53,"UAI":0.29000000000000004,"OHZRP":4.36,"IMSS":7.938,"DQCS":56,"HSSI_adm3":5.242,"ETI_adm3":0.953,"MMPG_adm3":4,"TECI_adm3":2.235,"GHAD_adm3":21.295,"CHCG_adm3":26.326,"CHVI_adm3":7.395,"HSER_adm3":7.089,"HCCR_adm3":36.217,"HEG_adm3":0.539,"RFHN_adm3":0.024,"SDCFR_adm3":2.918,"DDHRI_adm3":0.016,"PDBRS_adm3":9.153,"NEDS_adm3":16.373,"HWGEI_adm3":0.597,"UAI_adm3":0.388,"OHZRP_adm3":2.695,"IMSS_adm3":10.598,"DQCS_adm3":70.937,"coast_dist_km":423,"cross_border_score":0,"facility_access_proxy":0.84,"malaria_ecotype":"Coastal-Hyperendemic"}},{"type":"Feature","geometry":{"type":"Point","coordinates":[37.44,-14.95]},"properties":{"adm3_id":"NP-MAL-061","province":"Nampula","district":"Malema","post_name":"Malema Sede","pop_2017":165000,"area_km2":820,"urban_class":"rural","pop_density":201.2,"HSSI":3.83,"ETI":0.795,"MMPG":3.088,"TECI":1.74,"GHAD":21,"CHCG":18.5,"CHVI":5.49,"HSER":6.23,"HCCR":32.23,"HEG":0.462,"RFHN":0.006,"SDCFR":2.44,"DDHRI":0.01,"PDBRS":7,"NEDS":11.025,"HWGEI":0.53,"UAI":0.29000000000000004,"OHZRP":4.36,"IMSS":7.938,"DQCS":56,"HSSI_adm3":3.997,"ETI_adm3":1,"MMPG_adm3":4,"TECI_adm3":2.019,"GHAD_adm3":26.219,"CHCG_adm3":23.669,"CHVI_adm3":6.903,"HSER_adm3":7.954,"HCCR_adm3":36.71,"HEG_adm3":0.476,"RFHN_adm3":0.01,"SDCFR_adm3":3.162,"DDHRI_adm3":0.022,"PDBRS_adm3":8.707,"NEDS_adm3":15.882,"HWGEI_adm3":0.68,"UAI_adm3":0.393,"OHZRP_adm3":2.579,"IMSS_adm3":12.661,"DQCS_adm3":75.387,"coast_dist_km":165,"cross_border_score":0,"facility_access_proxy":0.84,"malaria_ecotype":"Lowland-Seasonal"}},{"type":"Feature","geometry":{"type":"Point","coordinates":[37.68,-14.72]},"properties":{"adm3_id":"NP-MAL-062","province":"Nampula","district":"Malema","post_name":"Mutuali","pop_2017":58000,"area_km2":720,"urban_class":"rural","pop_density":80.6,"HSSI":3.83,"ETI":0.795,"MMPG":3.088,"TECI":1.74,"GHAD":21,"CHCG":18.5,"CHVI":5.49,"HSER":6.23,"HCCR":32.23,"HEG":0.462,"RFHN":0.006,"SDCFR":2.44,"DDHRI":0.01,"PDBRS":7,"NEDS":11.025,"HWGEI":0.53,"UAI":0.29000000000000004,"OHZRP":4.36,"IMSS":7.938,"DQCS":56,"HSSI_adm3":4.63,"ETI_adm3":1,"MMPG_adm3":3.494,"TECI_adm3":1.887,"GHAD_adm3":25.691,"CHCG_adm3":22.788,"CHVI_adm3":7.03,"HSER_adm3":7.878,"HCCR_adm3":38.911,"HEG_adm3":0.607,"RFHN_adm3":0,"SDCFR_adm3":2.901,"DDHRI_adm3":0.009,"PDBRS_adm3":8.1,"NEDS_adm3":16.222,"HWGEI_adm3":0.672,"UAI_adm3":0.372,"OHZRP_adm3":3.341,"IMSS_adm3":9.562,"DQCS_adm3":72.109,"coast_dist_km":185,"cross_border_score":0,"facility_access_proxy":0.84,"malaria_ecotype":"Lowland-Seasonal"}},{"type":"Feature","geometry":{"type":"Point","coordinates":[39.82,-14.55]},"properties":{"adm3_id":"NP-ERA-063","province":"Nampula","district":"Erati","post_name":"Erati Sede","pop_2017":195000,"area_km2":780,"urban_class":"rural","pop_density":250,"HSSI":3.83,"ETI":0.795,"MMPG":3.088,"TECI":1.74,"GHAD":21,"CHCG":18.5,"CHVI":5.49,"HSER":6.23,"HCCR":32.23,"HEG":0.462,"RFHN":0.006,"SDCFR":2.44,"DDHRI":0.01,"PDBRS":7,"NEDS":11.025,"HWGEI":0.53,"UAI":0.29000000000000004,"OHZRP":4.36,"IMSS":7.938,"DQCS":56,"HSSI_adm3":4.864,"ETI_adm3":1,"MMPG_adm3":3.992,"TECI_adm3":2.358,"GHAD_adm3":25.988,"CHCG_adm3":24.09,"CHVI_adm3":5.975,"HSER_adm3":7.474,"HCCR_adm3":37.054,"HEG_adm3":0.548,"RFHN_adm3":0,"SDCFR_adm3":3.636,"DDHRI_adm3":0.006,"PDBRS_adm3":8.669,"NEDS_adm3":12.422,"HWGEI_adm3":0.699,"UAI_adm3":0.382,"OHZRP_adm3":4.233,"IMSS_adm3":9.991,"DQCS_adm3":70.306,"coast_dist_km":367,"cross_border_score":0,"facility_access_proxy":0.84,"malaria_ecotype":"Coastal-Hyperendemic"}},{"type":"Feature","geometry":{"type":"Point","coordinates":[40.02,-14.32]},"properties":{"adm3_id":"NP-ERA-064","province":"Nampula","district":"Erati","post_name":"Nacuxa","pop_2017":72000,"area_km2":680,"urban_class":"rural","pop_density":105.9,"HSSI":3.83,"ETI":0.795,"MMPG":3.088,"TECI":1.74,"GHAD":21,"CHCG":18.5,"CHVI":5.49,"HSER":6.23,"HCCR":32.23,"HEG":0.462,"RFHN":0.006,"SDCFR":2.44,"DDHRI":0.01,"PDBRS":7,"NEDS":11.025,"HWGEI":0.53,"UAI":0.29000000000000004,"OHZRP":4.36,"IMSS":7.938,"DQCS":56,"HSSI_adm3":5.063,"ETI_adm3":1,"MMPG_adm3":3.705,"TECI_adm3":2.251,"GHAD_adm3":26.179,"CHCG_adm3":23.263,"CHVI_adm3":6.847,"HSER_adm3":7.776,"HCCR_adm3":41.349,"HEG_adm3":0.507,"RFHN_adm3":0.016,"SDCFR_adm3":3.054,"DDHRI_adm3":0.031,"PDBRS_adm3":8.789,"NEDS_adm3":14.997,"HWGEI_adm3":0.691,"UAI_adm3":0.365,"OHZRP_adm3":3.301,"IMSS_adm3":9.493,"DQCS_adm3":76.647,"coast_dist_km":384,"cross_border_score":0,"facility_access_proxy":0.84,"malaria_ecotype":"Coastal-Hyperendemic"}},{"type":"Feature","geometry":{"type":"Point","coordinates":[38.21,-14.56]},"properties":{"adm3_id":"NP-MEC-065","province":"Nampula","district":"Mecuburi","post_name":"Mecuburi Sede","pop_2017":88000,"area_km2":750,"urban_class":"rural","pop_density":117.3,"HSSI":3.83,"ETI":0.795,"MMPG":3.088,"TECI":1.74,"GHAD":21,"CHCG":18.5,"CHVI":5.49,"HSER":6.23,"HCCR":32.23,"HEG":0.462,"RFHN":0.006,"SDCFR":2.44,"DDHRI":0.01,"PDBRS":7,"NEDS":11.025,"HWGEI":0.53,"UAI":0.29000000000000004,"OHZRP":4.36,"IMSS":7.938,"DQCS":56,"HSSI_adm3":5.121,"ETI_adm3":0.998,"MMPG_adm3":3.752,"TECI_adm3":2.696,"GHAD_adm3":26.821,"CHCG_adm3":23.371,"CHVI_adm3":8.202,"HSER_adm3":7.471,"HCCR_adm3":39.082,"HEG_adm3":0.541,"RFHN_adm3":0.005,"SDCFR_adm3":3.441,"DDHRI_adm3":0.015,"PDBRS_adm3":8.816,"NEDS_adm3":12.819,"HWGEI_adm3":0.675,"UAI_adm3":0.34,"OHZRP_adm3":4.098,"IMSS_adm3":9.453,"DQCS_adm3":70.517,"coast_dist_km":230,"cross_border_score":0,"facility_access_proxy":0.84,"malaria_ecotype":"Coastal-Hyperendemic"}},{"type":"Feature","geometry":{"type":"Point","coordinates":[38.45,-14.38]},"properties":{"adm3_id":"NP-MEC-066","province":"Nampula","district":"Mecuburi","post_name":"Muecate-A","pop_2017":38000,"area_km2":620,"urban_class":"rural","pop_density":61.3,"HSSI":3.83,"ETI":0.795,"MMPG":3.088,"TECI":1.74,"GHAD":21,"CHCG":18.5,"CHVI":5.49,"HSER":6.23,"HCCR":32.23,"HEG":0.462,"RFHN":0.006,"SDCFR":2.44,"DDHRI":0.01,"PDBRS":7,"NEDS":11.025,"HWGEI":0.53,"UAI":0.29000000000000004,"OHZRP":4.36,"IMSS":7.938,"DQCS":56,"HSSI_adm3":5.16,"ETI_adm3":0.994,"MMPG_adm3":3.931,"TECI_adm3":2.267,"GHAD_adm3":28.648,"CHCG_adm3":22.214,"CHVI_adm3":7.414,"HSER_adm3":7.243,"HCCR_adm3":46.434,"HEG_adm3":0.648,"RFHN_adm3":0.002,"SDCFR_adm3":3.129,"DDHRI_adm3":0.021,"PDBRS_adm3":8.842,"NEDS_adm3":14.08,"HWGEI_adm3":0.692,"UAI_adm3":0.354,"OHZRP_adm3":3.588,"IMSS_adm3":11.409,"DQCS_adm3":68.634,"coast_dist_km":251,"cross_border_score":0,"facility_access_proxy":0.84,"malaria_ecotype":"Coastal-Hyperendemic"}},{"type":"Feature","geometry":{"type":"Point","coordinates":[38.26,-14.97]},"properties":{"adm3_id":"NP-RIB-067","province":"Nampula","district":"Ribaue","post_name":"Ribaue Sede","pop_2017":78000,"area_km2":680,"urban_class":"rural","pop_density":114.7,"HSSI":3.83,"ETI":0.795,"MMPG":3.088,"TECI":1.74,"GHAD":21,"CHCG":18.5,"CHVI":5.49,"HSER":6.23,"HCCR":32.23,"HEG":0.462,"RFHN":0.006,"SDCFR":2.44,"DDHRI":0.01,"PDBRS":7,"NEDS":11.025,"HWGEI":0.53,"UAI":0.29000000000000004,"OHZRP":4.36,"IMSS":7.938,"DQCS":56,"HSSI_adm3":4.624,"ETI_adm3":0.941,"MMPG_adm3":4,"TECI_adm3":2.26,"GHAD_adm3":23.439,"CHCG_adm3":20.007,"CHVI_adm3":6.976,"HSER_adm3":7.608,"HCCR_adm3":35.79,"HEG_adm3":0.617,"RFHN_adm3":0.022,"SDCFR_adm3":3.3,"DDHRI_adm3":0.014,"PDBRS_adm3":9.342,"NEDS_adm3":12.084,"HWGEI_adm3":0.66,"UAI_adm3":0.363,"OHZRP_adm3":3.652,"IMSS_adm3":9.275,"DQCS_adm3":66.238,"coast_dist_km":235,"cross_border_score":0,"facility_access_proxy":0.84,"malaria_ecotype":"Coastal-Hyperendemic"}},{"type":"Feature","geometry":{"type":"Point","coordinates":[38.5,-15.18]},"properties":{"adm3_id":"NP-RIB-068","province":"Nampula","district":"Ribaue","post_name":"Alto-Ligonha","pop_2017":32000,"area_km2":580,"urban_class":"rural","pop_density":55.2,"HSSI":3.83,"ETI":0.795,"MMPG":3.088,"TECI":1.74,"GHAD":21,"CHCG":18.5,"CHVI":5.49,"HSER":6.23,"HCCR":32.23,"HEG":0.462,"RFHN":0.006,"SDCFR":2.44,"DDHRI":0.01,"PDBRS":7,"NEDS":11.025,"HWGEI":0.53,"UAI":0.29000000000000004,"OHZRP":4.36,"IMSS":7.938,"DQCS":56,"HSSI_adm3":4.57,"ETI_adm3":1,"MMPG_adm3":3.731,"TECI_adm3":2.138,"GHAD_adm3":23.285,"CHCG_adm3":19.683,"CHVI_adm3":6.569,"HSER_adm3":7.226,"HCCR_adm3":40.815,"HEG_adm3":0.569,"RFHN_adm3":0,"SDCFR_adm3":3.135,"DDHRI_adm3":0.006,"PDBRS_adm3":8.131,"NEDS_adm3":12.922,"HWGEI_adm3":0.684,"UAI_adm3":0.361,"OHZRP_adm3":2.689,"IMSS_adm3":9.466,"DQCS_adm3":73.157,"coast_dist_km":255,"cross_border_score":0,"facility_access_proxy":0.84,"malaria_ecotype":"Coastal-Hyperendemic"}},{"type":"Feature","geometry":{"type":"Point","coordinates":[40.59,-14.18]},"properties":{"adm3_id":"NP-MEM-069","province":"Nampula","district":"Memba","post_name":"Memba Sede","pop_2017":98000,"area_km2":720,"urban_class":"rural","pop_density":136.1,"HSSI":3.83,"ETI":0.795,"MMPG":3.088,"TECI":1.74,"GHAD":21,"CHCG":18.5,"CHVI":5.49,"HSER":6.23,"HCCR":32.23,"HEG":0.462,"RFHN":0.006,"SDCFR":2.44,"DDHRI":0.01,"PDBRS":7,"NEDS":11.025,"HWGEI":0.53,"UAI":0.29000000000000004,"OHZRP":4.36,"IMSS":7.938,"DQCS":56,"HSSI_adm3":5.19,"ETI_adm3":0.987,"MMPG_adm3":4,"TECI_adm3":2.354,"GHAD_adm3":23.484,"CHCG_adm3":24.582,"CHVI_adm3":6.599,"HSER_adm3":7.952,"HCCR_adm3":37.368,"HEG_adm3":0.618,"RFHN_adm3":0,"SDCFR_adm3":3.464,"DDHRI_adm3":0.013,"PDBRS_adm3":8.85,"NEDS_adm3":12.88,"HWGEI_adm3":0.624,"UAI_adm3":0.3,"OHZRP_adm3":3.901,"IMSS_adm3":8.394,"DQCS_adm3":75.554,"coast_dist_km":433,"cross_border_score":0,"facility_access_proxy":0.84,"malaria_ecotype":"Coastal-Hyperendemic"}},{"type":"Feature","geometry":{"type":"Point","coordinates":[40.38,-14.38]},"properties":{"adm3_id":"NP-MEM-070","province":"Nampula","district":"Memba","post_name":"Namialo","pop_2017":42000,"area_km2":580,"urban_class":"rural","pop_density":72.4,"HSSI":3.83,"ETI":0.795,"MMPG":3.088,"TECI":1.74,"GHAD":21,"CHCG":18.5,"CHVI":5.49,"HSER":6.23,"HCCR":32.23,"HEG":0.462,"RFHN":0.006,"SDCFR":2.44,"DDHRI":0.01,"PDBRS":7,"NEDS":11.025,"HWGEI":0.53,"UAI":0.29000000000000004,"OHZRP":4.36,"IMSS":7.938,"DQCS":56,"HSSI_adm3":4.698,"ETI_adm3":1,"MMPG_adm3":3.425,"TECI_adm3":2.312,"GHAD_adm3":26.981,"CHCG_adm3":22.508,"CHVI_adm3":5.438,"HSER_adm3":7.203,"HCCR_adm3":39.01,"HEG_adm3":0.502,"RFHN_adm3":0.01,"SDCFR_adm3":3.067,"DDHRI_adm3":0.028,"PDBRS_adm3":9.485,"NEDS_adm3":14.979,"HWGEI_adm3":0.682,"UAI_adm3":0.349,"OHZRP_adm3":3.222,"IMSS_adm3":9.193,"DQCS_adm3":69.773,"coast_dist_km":415,"cross_border_score":0,"facility_access_proxy":0.84,"malaria_ecotype":"Coastal-Hyperendemic"}},{"type":"Feature","geometry":{"type":"Point","coordinates":[40.72,-15.04]},"properties":{"adm3_id":"NP-ILH-071","province":"Nampula","district":"Ilha de Mocambique","post_name":"Ilha Sede","pop_2017":62000,"area_km2":25,"urban_class":"peri-urban","pop_density":2480,"HSSI":3.83,"ETI":0.795,"MMPG":3.088,"TECI":1.74,"GHAD":21,"CHCG":18.5,"CHVI":5.49,"HSER":6.23,"HCCR":32.23,"HEG":0.462,"RFHN":0.006,"SDCFR":2.44,"DDHRI":0.01,"PDBRS":7,"NEDS":11.025,"HWGEI":0.53,"UAI":0.29000000000000004,"OHZRP":4.36,"IMSS":7.938,"DQCS":56,"HSSI_adm3":3.231,"ETI_adm3":0.911,"MMPG_adm3":3.09,"TECI_adm3":2.014,"GHAD_adm3":24.15,"CHCG_adm3":17.171,"CHVI_adm3":5.662,"HSER_adm3":6.592,"HCCR_adm3":32.596,"HEG_adm3":0.464,"RFHN_adm3":0.01,"SDCFR_adm3":2.59,"DDHRI_adm3":0.016,"PDBRS_adm3":6.011,"NEDS_adm3":12.092,"HWGEI_adm3":0.565,"UAI_adm3":0.292,"OHZRP_adm3":4.82,"IMSS_adm3":6.294,"DQCS_adm3":61.873,"coast_dist_km":444,"cross_border_score":0,"facility_access_proxy":1.82,"malaria_ecotype":"Coastal-Hyperendemic"}},{"type":"Feature","geometry":{"type":"Point","coordinates":[39.72,-16.09]},"properties":{"adm3_id":"NP-MOM-072","province":"Nampula","district":"Moma","post_name":"Moma Sede","pop_2017":110000,"area_km2":850,"urban_class":"rural","pop_density":129.4,"HSSI":3.83,"ETI":0.795,"MMPG":3.088,"TECI":1.74,"GHAD":21,"CHCG":18.5,"CHVI":5.49,"HSER":6.23,"HCCR":32.23,"HEG":0.462,"RFHN":0.006,"SDCFR":2.44,"DDHRI":0.01,"PDBRS":7,"NEDS":11.025,"HWGEI":0.53,"UAI":0.29000000000000004,"OHZRP":4.36,"IMSS":7.938,"DQCS":56,"HSSI_adm3":4.255,"ETI_adm3":1,"MMPG_adm3":4,"TECI_adm3":2.061,"GHAD_adm3":25.159,"CHCG_adm3":23.144,"CHVI_adm3":7.428,"HSER_adm3":7.187,"HCCR_adm3":34.269,"HEG_adm3":0.587,"RFHN_adm3":0.013,"SDCFR_adm3":3.161,"DDHRI_adm3":0,"PDBRS_adm3":8.852,"NEDS_adm3":14.15,"HWGEI_adm3":0.627,"UAI_adm3":0.353,"OHZRP_adm3":2.967,"IMSS_adm3":10.531,"DQCS_adm3":61.155,"coast_dist_km":359,"cross_border_score":0,"facility_access_proxy":0.84,"malaria_ecotype":"Lowland-Holoendemic"}},{"type":"Feature","geometry":{"type":"Point","coordinates":[39.55,-16.3]},"properties":{"adm3_id":"NP-MOM-073","province":"Nampula","district":"Moma","post_name":"Chalaua","pop_2017":42000,"area_km2":720,"urban_class":"rural","pop_density":58.3,"HSSI":3.83,"ETI":0.795,"MMPG":3.088,"TECI":1.74,"GHAD":21,"CHCG":18.5,"CHVI":5.49,"HSER":6.23,"HCCR":32.23,"HEG":0.462,"RFHN":0.006,"SDCFR":2.44,"DDHRI":0.01,"PDBRS":7,"NEDS":11.025,"HWGEI":0.53,"UAI":0.29000000000000004,"OHZRP":4.36,"IMSS":7.938,"DQCS":56,"HSSI_adm3":4.356,"ETI_adm3":0.938,"MMPG_adm3":3.945,"TECI_adm3":2.08,"GHAD_adm3":19.921,"CHCG_adm3":24.898,"CHVI_adm3":5.809,"HSER_adm3":7.5,"HCCR_adm3":40.901,"HEG_adm3":0.547,"RFHN_adm3":0.017,"SDCFR_adm3":2.963,"DDHRI_adm3":0.01,"PDBRS_adm3":8.416,"NEDS_adm3":11.981,"HWGEI_adm3":0.665,"UAI_adm3":0.354,"OHZRP_adm3":3.495,"IMSS_adm3":12.617,"DQCS_adm3":69.751,"coast_dist_km":344,"cross_border_score":0,"facility_access_proxy":0.84,"malaria_ecotype":"Lowland-Holoendemic"}},{"type":"Feature","geometry":{"type":"Point","coordinates":[39.39,-16.06]},"properties":{"adm3_id":"NP-MOG-074","province":"Nampula","district":"Mogovolas","post_name":"Mogovolas Sede","pop_2017":95000,"area_km2":780,"urban_class":"rural","pop_density":121.8,"HSSI":3.83,"ETI":0.795,"MMPG":3.088,"TECI":1.74,"GHAD":21,"CHCG":18.5,"CHVI":5.49,"HSER":6.23,"HCCR":32.23,"HEG":0.462,"RFHN":0.006,"SDCFR":2.44,"DDHRI":0.01,"PDBRS":7,"NEDS":11.025,"HWGEI":0.53,"UAI":0.29000000000000004,"OHZRP":4.36,"IMSS":7.938,"DQCS":56,"HSSI_adm3":5.021,"ETI_adm3":0.912,"MMPG_adm3":4,"TECI_adm3":2.07,"GHAD_adm3":21.939,"CHCG_adm3":23.527,"CHVI_adm3":6.42,"HSER_adm3":7.47,"HCCR_adm3":45.213,"HEG_adm3":0.606,"RFHN_adm3":0.01,"SDCFR_adm3":3.173,"DDHRI_adm3":0.032,"PDBRS_adm3":8.539,"NEDS_adm3":13.366,"HWGEI_adm3":0.63,"UAI_adm3":0.379,"OHZRP_adm3":3.588,"IMSS_adm3":9.57,"DQCS_adm3":69.82,"coast_dist_km":331,"cross_border_score":0,"facility_access_proxy":0.84,"malaria_ecotype":"Lowland-Holoendemic"}},{"type":"Feature","geometry":{"type":"Point","coordinates":[39.58,-15.85]},"properties":{"adm3_id":"NP-MOG-075","province":"Nampula","district":"Mogovolas","post_name":"Namaita","pop_2017":38000,"area_km2":620,"urban_class":"rural","pop_density":61.3,"HSSI":3.83,"ETI":0.795,"MMPG":3.088,"TECI":1.74,"GHAD":21,"CHCG":18.5,"CHVI":5.49,"HSER":6.23,"HCCR":32.23,"HEG":0.462,"RFHN":0.006,"SDCFR":2.44,"DDHRI":0.01,"PDBRS":7,"NEDS":11.025,"HWGEI":0.53,"UAI":0.29000000000000004,"OHZRP":4.36,"IMSS":7.938,"DQCS":56,"HSSI_adm3":4.854,"ETI_adm3":1,"MMPG_adm3":3.895,"TECI_adm3":2.348,"GHAD_adm3":24.142,"CHCG_adm3":21.662,"CHVI_adm3":6.088,"HSER_adm3":8.461,"HCCR_adm3":39.114,"HEG_adm3":0.526,"RFHN_adm3":0.013,"SDCFR_adm3":3.727,"DDHRI_adm3":0.01,"PDBRS_adm3":8.234,"NEDS_adm3":12.787,"HWGEI_adm3":0.635,"UAI_adm3":0.327,"OHZRP_adm3":3.319,"IMSS_adm3":8.318,"DQCS_adm3":66.736,"coast_dist_km":347,"cross_border_score":0,"facility_access_proxy":0.84,"malaria_ecotype":"Coastal-Hyperendemic"}},{"type":"Feature","geometry":{"type":"Point","coordinates":[37.25,-15.2]},"properties":{"adm3_id":"NP-LAL-076","province":"Nampula","district":"Lalaua","post_name":"Lalaua Sede","pop_2017":68000,"area_km2":850,"urban_class":"rural","pop_density":80,"HSSI":3.83,"ETI":0.795,"MMPG":3.088,"TECI":1.74,"GHAD":21,"CHCG":18.5,"CHVI":5.49,"HSER":6.23,"HCCR":32.23,"HEG":0.462,"RFHN":0.006,"SDCFR":2.44,"DDHRI":0.01,"PDBRS":7,"NEDS":11.025,"HWGEI":0.53,"UAI":0.29000000000000004,"OHZRP":4.36,"IMSS":7.938,"DQCS":56,"HSSI_adm3":5.112,"ETI_adm3":1,"MMPG_adm3":4,"TECI_adm3":2.503,"GHAD_adm3":24.839,"CHCG_adm3":25.86,"CHVI_adm3":6.217,"HSER_adm3":7.955,"HCCR_adm3":40.96,"HEG_adm3":0.611,"RFHN_adm3":0.005,"SDCFR_adm3":2.968,"DDHRI_adm3":0,"PDBRS_adm3":8.653,"NEDS_adm3":14.941,"HWGEI_adm3":0.604,"UAI_adm3":0.308,"OHZRP_adm3":3.617,"IMSS_adm3":10.789,"DQCS_adm3":80.704,"coast_dist_km":149,"cross_border_score":0,"facility_access_proxy":0.84,"malaria_ecotype":"Lowland-Seasonal"}},{"type":"Feature","geometry":{"type":"Point","coordinates":[38.03,-15.1]},"properties":{"adm3_id":"NP-LIU-077","province":"Nampula","district":"Liupo","post_name":"Liupo Sede","pop_2017":55000,"area_km2":750,"urban_class":"rural","pop_density":73.3,"HSSI":3.83,"ETI":0.795,"MMPG":3.088,"TECI":1.74,"GHAD":21,"CHCG":18.5,"CHVI":5.49,"HSER":6.23,"HCCR":32.23,"HEG":0.462,"RFHN":0.006,"SDCFR":2.44,"DDHRI":0.01,"PDBRS":7,"NEDS":11.025,"HWGEI":0.53,"UAI":0.29000000000000004,"OHZRP":4.36,"IMSS":7.938,"DQCS":56,"HSSI_adm3":4.587,"ETI_adm3":1,"MMPG_adm3":3.838,"TECI_adm3":2.075,"GHAD_adm3":25.217,"CHCG_adm3":26.647,"CHVI_adm3":6.898,"HSER_adm3":7.68,"HCCR_adm3":42.94,"HEG_adm3":0.614,"RFHN_adm3":0.008,"SDCFR_adm3":3.177,"DDHRI_adm3":0.033,"PDBRS_adm3":9.8,"NEDS_adm3":15.352,"HWGEI_adm3":0.729,"UAI_adm3":0.351,"OHZRP_adm3":3.259,"IMSS_adm3":9.223,"DQCS_adm3":69.703,"coast_dist_km":215,"cross_border_score":0,"facility_access_proxy":0.84,"malaria_ecotype":"Coastal-Hyperendemic"}},{"type":"Feature","geometry":{"type":"Point","coordinates":[39.78,-14.9]},"properties":{"adm3_id":"NP-MEC-078","province":"Nampula","district":"Meconta","post_name":"Meconta Sede","pop_2017":72000,"area_km2":680,"urban_class":"rural","pop_density":105.9,"HSSI":3.83,"ETI":0.795,"MMPG":3.088,"TECI":1.74,"GHAD":21,"CHCG":18.5,"CHVI":5.49,"HSER":6.23,"HCCR":32.23,"HEG":0.462,"RFHN":0.006,"SDCFR":2.44,"DDHRI":0.01,"PDBRS":7,"NEDS":11.025,"HWGEI":0.53,"UAI":0.29000000000000004,"OHZRP":4.36,"IMSS":7.938,"DQCS":56,"HSSI_adm3":4.862,"ETI_adm3":0.865,"MMPG_adm3":3.795,"TECI_adm3":2.082,"GHAD_adm3":26.348,"CHCG_adm3":24.228,"CHVI_adm3":5.468,"HSER_adm3":8.041,"HCCR_adm3":39.863,"HEG_adm3":0.387,"RFHN_adm3":0.009,"SDCFR_adm3":3.431,"DDHRI_adm3":0.02,"PDBRS_adm3":8.029,"NEDS_adm3":15.189,"HWGEI_adm3":0.718,"UAI_adm3":0.388,"OHZRP_adm3":3.055,"IMSS_adm3":11.173,"DQCS_adm3":68.169,"coast_dist_km":364,"cross_border_score":0,"facility_access_proxy":0.84,"malaria_ecotype":"Coastal-Hyperendemic"}},{"type":"Feature","geometry":{"type":"Point","coordinates":[39.94,-16.14]},"properties":{"adm3_id":"NP-MOG-079","province":"Nampula","district":"Mogincual","post_name":"Mogincual Sede","pop_2017":58000,"area_km2":650,"urban_class":"rural","pop_density":89.2,"HSSI":3.83,"ETI":0.795,"MMPG":3.088,"TECI":1.74,"GHAD":21,"CHCG":18.5,"CHVI":5.49,"HSER":6.23,"HCCR":32.23,"HEG":0.462,"RFHN":0.006,"SDCFR":2.44,"DDHRI":0.01,"PDBRS":7,"NEDS":11.025,"HWGEI":0.53,"UAI":0.29000000000000004,"OHZRP":4.36,"IMSS":7.938,"DQCS":56,"HSSI_adm3":5.081,"ETI_adm3":1,"MMPG_adm3":3.563,"TECI_adm3":2.244,"GHAD_adm3":25.461,"CHCG_adm3":25.296,"CHVI_adm3":7.273,"HSER_adm3":6.716,"HCCR_adm3":38.784,"HEG_adm3":0.655,"RFHN_adm3":0.01,"SDCFR_adm3":3.395,"DDHRI_adm3":0.012,"PDBRS_adm3":8.083,"NEDS_adm3":12.775,"HWGEI_adm3":0.691,"UAI_adm3":0.419,"OHZRP_adm3":4.257,"IMSS_adm3":9.651,"DQCS_adm3":70.117,"coast_dist_km":377,"cross_border_score":0,"facility_access_proxy":0.84,"malaria_ecotype":"Lowland-Holoendemic"}},{"type":"Feature","geometry":{"type":"Point","coordinates":[40.66,-15.04]},"properties":{"adm3_id":"NP-MOS-080","province":"Nampula","district":"Mossuril","post_name":"Mossuril Sede","pop_2017":55000,"area_km2":520,"urban_class":"peri-urban","pop_density":105.8,"HSSI":3.83,"ETI":0.795,"MMPG":3.088,"TECI":1.74,"GHAD":21,"CHCG":18.5,"CHVI":5.49,"HSER":6.23,"HCCR":32.23,"HEG":0.462,"RFHN":0.006,"SDCFR":2.44,"DDHRI":0.01,"PDBRS":7,"NEDS":11.025,"HWGEI":0.53,"UAI":0.29000000000000004,"OHZRP":4.36,"IMSS":7.938,"DQCS":56,"HSSI_adm3":3.685,"ETI_adm3":0.828,"MMPG_adm3":3.252,"TECI_adm3":1.686,"GHAD_adm3":23.655,"CHCG_adm3":21.27,"CHVI_adm3":5.994,"HSER_adm3":6.208,"HCCR_adm3":26.339,"HEG_adm3":0.263,"RFHN_adm3":0.014,"SDCFR_adm3":2.444,"DDHRI_adm3":0.006,"PDBRS_adm3":6.258,"NEDS_adm3":7.373,"HWGEI_adm3":0.633,"UAI_adm3":0.316,"OHZRP_adm3":4.919,"IMSS_adm3":7.33,"DQCS_adm3":47.007,"coast_dist_km":439,"cross_border_score":0,"facility_access_proxy":1.82,"malaria_ecotype":"Coastal-Hyperendemic"}},{"type":"Feature","geometry":{"type":"Point","coordinates":[39.48,-14.58]},"properties":{"adm3_id":"NP-MUE-081","province":"Nampula","district":"Muecate","post_name":"Muecate Sede","pop_2017":62000,"area_km2":580,"urban_class":"rural","pop_density":106.9,"HSSI":3.83,"ETI":0.795,"MMPG":3.088,"TECI":1.74,"GHAD":21,"CHCG":18.5,"CHVI":5.49,"HSER":6.23,"HCCR":32.23,"HEG":0.462,"RFHN":0.006,"SDCFR":2.44,"DDHRI":0.01,"PDBRS":7,"NEDS":11.025,"HWGEI":0.53,"UAI":0.29000000000000004,"OHZRP":4.36,"IMSS":7.938,"DQCS":56,"HSSI_adm3":5.002,"ETI_adm3":0.912,"MMPG_adm3":3.536,"TECI_adm3":2.383,"GHAD_adm3":24.54,"CHCG_adm3":25.645,"CHVI_adm3":6.695,"HSER_adm3":8.803,"HCCR_adm3":41.947,"HEG_adm3":0.537,"RFHN_adm3":0.013,"SDCFR_adm3":2.328,"DDHRI_adm3":0.024,"PDBRS_adm3":9.735,"NEDS_adm3":11.426,"HWGEI_adm3":0.653,"UAI_adm3":0.314,"OHZRP_adm3":2.995,"IMSS_adm3":9.751,"DQCS_adm3":66.588,"coast_dist_km":338,"cross_border_score":0,"facility_access_proxy":0.84,"malaria_ecotype":"Coastal-Hyperendemic"}},{"type":"Feature","geometry":{"type":"Point","coordinates":[39.3,-15.46]},"properties":{"adm3_id":"NP-MUR-082","province":"Nampula","district":"Murrupula","post_name":"Murrupula Sede","pop_2017":78000,"area_km2":720,"urban_class":"rural","pop_density":108.3,"HSSI":3.83,"ETI":0.795,"MMPG":3.088,"TECI":1.74,"GHAD":21,"CHCG":18.5,"CHVI":5.49,"HSER":6.23,"HCCR":32.23,"HEG":0.462,"RFHN":0.006,"SDCFR":2.44,"DDHRI":0.01,"PDBRS":7,"NEDS":11.025,"HWGEI":0.53,"UAI":0.29000000000000004,"OHZRP":4.36,"IMSS":7.938,"DQCS":56,"HSSI_adm3":4.477,"ETI_adm3":0.959,"MMPG_adm3":4,"TECI_adm3":1.682,"GHAD_adm3":24.068,"CHCG_adm3":24.494,"CHVI_adm3":5.203,"HSER_adm3":7.855,"HCCR_adm3":39.995,"HEG_adm3":0.645,"RFHN_adm3":0.008,"SDCFR_adm3":3.206,"DDHRI_adm3":0.007,"PDBRS_adm3":8.486,"NEDS_adm3":15.676,"HWGEI_adm3":0.8,"UAI_adm3":0.355,"OHZRP_adm3":3.704,"IMSS_adm3":10.652,"DQCS_adm3":74.415,"coast_dist_km":323,"cross_border_score":0,"facility_access_proxy":0.84,"malaria_ecotype":"Coastal-Hyperendemic"}},{"type":"Feature","geometry":{"type":"Point","coordinates":[40.3,-14.45]},"properties":{"adm3_id":"NP-NAC-083","province":"Nampula","district":"Nacaroa","post_name":"Nacaroa Sede","pop_2017":58000,"area_km2":620,"urban_class":"rural","pop_density":93.5,"HSSI":3.83,"ETI":0.795,"MMPG":3.088,"TECI":1.74,"GHAD":21,"CHCG":18.5,"CHVI":5.49,"HSER":6.23,"HCCR":32.23,"HEG":0.462,"RFHN":0.006,"SDCFR":2.44,"DDHRI":0.01,"PDBRS":7,"NEDS":11.025,"HWGEI":0.53,"UAI":0.29000000000000004,"OHZRP":4.36,"IMSS":7.938,"DQCS":56,"HSSI_adm3":4.617,"ETI_adm3":1,"MMPG_adm3":4,"TECI_adm3":1.994,"GHAD_adm3":27.462,"CHCG_adm3":24.459,"CHVI_adm3":6.196,"HSER_adm3":7.822,"HCCR_adm3":37.666,"HEG_adm3":0.557,"RFHN_adm3":0,"SDCFR_adm3":2.378,"DDHRI_adm3":0.025,"PDBRS_adm3":8.735,"NEDS_adm3":13.246,"HWGEI_adm3":0.651,"UAI_adm3":0.371,"OHZRP_adm3":3.005,"IMSS_adm3":9.704,"DQCS_adm3":67.176,"coast_dist_km":408,"cross_border_score":0,"facility_access_proxy":0.84,"malaria_ecotype":"Coastal-Hyperendemic"}},{"type":"Feature","geometry":{"type":"Point","coordinates":[39.77,-14.9]},"properties":{"adm3_id":"NP-RAP-084","province":"Nampula","district":"Rapale","post_name":"Rapale Sede","pop_2017":68000,"area_km2":580,"urban_class":"rural","pop_density":117.2,"HSSI":3.83,"ETI":0.795,"MMPG":3.088,"TECI":1.74,"GHAD":21,"CHCG":18.5,"CHVI":5.49,"HSER":6.23,"HCCR":32.23,"HEG":0.462,"RFHN":0.006,"SDCFR":2.44,"DDHRI":0.01,"PDBRS":7,"NEDS":11.025,"HWGEI":0.53,"UAI":0.29000000000000004,"OHZRP":4.36,"IMSS":7.938,"DQCS":56,"HSSI_adm3":4.608,"ETI_adm3":0.998,"MMPG_adm3":3.999,"TECI_adm3":2.004,"GHAD_adm3":22.365,"CHCG_adm3":24.284,"CHVI_adm3":7.687,"HSER_adm3":8.066,"HCCR_adm3":40.615,"HEG_adm3":0.482,"RFHN_adm3":0.008,"SDCFR_adm3":3.495,"DDHRI_adm3":0.018,"PDBRS_adm3":8.52,"NEDS_adm3":12.781,"HWGEI_adm3":0.676,"UAI_adm3":0.368,"OHZRP_adm3":2.769,"IMSS_adm3":9.444,"DQCS_adm3":66.278,"coast_dist_km":363,"cross_border_score":0,"facility_access_proxy":0.84,"malaria_ecotype":"Coastal-Hyperendemic"}},{"type":"Feature","geometry":{"type":"Point","coordinates":[39.71,-16.25]},"properties":{"adm3_id":"NP-LAR-085","province":"Nampula","district":"Larde","post_name":"Larde Sede","pop_2017":48000,"area_km2":650,"urban_class":"rural","pop_density":73.8,"HSSI":3.83,"ETI":0.795,"MMPG":3.088,"TECI":1.74,"GHAD":21,"CHCG":18.5,"CHVI":5.49,"HSER":6.23,"HCCR":32.23,"HEG":0.462,"RFHN":0.006,"SDCFR":2.44,"DDHRI":0.01,"PDBRS":7,"NEDS":11.025,"HWGEI":0.53,"UAI":0.29000000000000004,"OHZRP":4.36,"IMSS":7.938,"DQCS":56,"HSSI_adm3":4.226,"ETI_adm3":0.972,"MMPG_adm3":3.751,"TECI_adm3":1.667,"GHAD_adm3":27.236,"CHCG_adm3":20.678,"CHVI_adm3":5.005,"HSER_adm3":8.243,"HCCR_adm3":38.777,"HEG_adm3":0.506,"RFHN_adm3":0.007,"SDCFR_adm3":3.101,"DDHRI_adm3":0.015,"PDBRS_adm3":8.212,"NEDS_adm3":15.971,"HWGEI_adm3":0.642,"UAI_adm3":0.38,"OHZRP_adm3":3.952,"IMSS_adm3":9.731,"DQCS_adm3":75.88,"coast_dist_km":358,"cross_border_score":0,"facility_access_proxy":0.84,"malaria_ecotype":"Lowland-Holoendemic"}},{"type":"Feature","geometry":{"type":"Point","coordinates":[36.89,-17.88]},"properties":{"adm3_id":"ZB-QUE-086","province":"Zambézia","district":"Quelimane","post_name":"Quelimane Sede","pop_2017":350000,"area_km2":260,"urban_class":"urban","pop_density":1346.2,"HSSI":3.91,"ETI":0.93,"MMPG":2.829,"TECI":4.37,"GHAD":27.2,"CHCG":23.5,"CHVI":7.75,"HSER":7.19,"HCCR":30.91,"HEG":0.539,"RFHN":0,"SDCFR":5,"DDHRI":0,"PDBRS":3,"NEDS":9.13,"HWGEI":0.55,"UAI":0.29000000000000004,"OHZRP":5.2,"IMSS":8.3,"DQCS":54,"HSSI_adm3":3.361,"ETI_adm3":0.735,"MMPG_adm3":2.422,"TECI_adm3":2.981,"GHAD_adm3":22.096,"CHCG_adm3":20.783,"CHVI_adm3":5.873,"HSER_adm3":4.583,"HCCR_adm3":23.416,"HEG_adm3":0.508,"RFHN_adm3":0.002,"SDCFR_adm3":4.61,"DDHRI_adm3":0.001,"PDBRS_adm3":2.341,"NEDS_adm3":8.703,"HWGEI_adm3":0.46,"UAI_adm3":0.202,"OHZRP_adm3":5.16,"IMSS_adm3":5.361,"DQCS_adm3":49.003,"coast_dist_km":118,"cross_border_score":0,"facility_access_proxy":3.75,"malaria_ecotype":"Lowland-Holoendemic"}},{"type":"Feature","geometry":{"type":"Point","coordinates":[37.07,-17.6]},"properties":{"adm3_id":"ZB-QUE-087","province":"Zambézia","district":"Quelimane","post_name":"Nicoadala","pop_2017":82000,"area_km2":420,"urban_class":"peri-urban","pop_density":195.2,"HSSI":3.91,"ETI":0.93,"MMPG":2.829,"TECI":4.37,"GHAD":27.2,"CHCG":23.5,"CHVI":7.75,"HSER":7.19,"HCCR":30.91,"HEG":0.539,"RFHN":0,"SDCFR":5,"DDHRI":0,"PDBRS":3,"NEDS":9.13,"HWGEI":0.55,"UAI":0.29000000000000004,"OHZRP":5.2,"IMSS":8.3,"DQCS":54,"HSSI_adm3":3.685,"ETI_adm3":0.909,"MMPG_adm3":2.721,"TECI_adm3":3.881,"GHAD_adm3":26.717,"CHCG_adm3":19.663,"CHVI_adm3":6.641,"HSER_adm3":6.206,"HCCR_adm3":32.415,"HEG_adm3":0.396,"RFHN_adm3":0.022,"SDCFR_adm3":4.45,"DDHRI_adm3":0,"PDBRS_adm3":3.615,"NEDS_adm3":9.157,"HWGEI_adm3":0.595,"UAI_adm3":0.292,"OHZRP_adm3":5.788,"IMSS_adm3":8.699,"DQCS_adm3":56.239,"coast_dist_km":133,"cross_border_score":0,"facility_access_proxy":1.95,"malaria_ecotype":"Lowland-Holoendemic"}},{"type":"Feature","geometry":{"type":"Point","coordinates":[36.98,-15.46]},"properties":{"adm3_id":"ZB-GUR-088","province":"Zambézia","district":"Gurue","post_name":"Gurue Sede","pop_2017":295000,"area_km2":720,"urban_class":"peri-urban","pop_density":409.7,"HSSI":3.91,"ETI":0.93,"MMPG":2.829,"TECI":4.37,"GHAD":27.2,"CHCG":23.5,"CHVI":7.75,"HSER":7.19,"HCCR":30.91,"HEG":0.539,"RFHN":0,"SDCFR":5,"DDHRI":0,"PDBRS":3,"NEDS":9.13,"HWGEI":0.55,"UAI":0.29000000000000004,"OHZRP":5.2,"IMSS":8.3,"DQCS":54,"HSSI_adm3":3.916,"ETI_adm3":0.943,"MMPG_adm3":3.156,"TECI_adm3":4.263,"GHAD_adm3":32.4,"CHCG_adm3":21.251,"CHVI_adm3":8.506,"HSER_adm3":7.313,"HCCR_adm3":27.587,"HEG_adm3":0.623,"RFHN_adm3":0,"SDCFR_adm3":4.053,"DDHRI_adm3":0.01,"PDBRS_adm3":3.348,"NEDS_adm3":8.806,"HWGEI_adm3":0.544,"UAI_adm3":0.304,"OHZRP_adm3":5.04,"IMSS_adm3":6.503,"DQCS_adm3":52.029,"coast_dist_km":126,"cross_border_score":0,"facility_access_proxy":1.95,"malaria_ecotype":"Lowland-Seasonal"}},{"type":"Feature","geometry":{"type":"Point","coordinates":[37.18,-15.22]},"properties":{"adm3_id":"ZB-GUR-089","province":"Zambézia","district":"Gurue","post_name":"Alto Benfica","pop_2017":68000,"area_km2":580,"urban_class":"rural","pop_density":117.2,"HSSI":3.91,"ETI":0.93,"MMPG":2.829,"TECI":4.37,"GHAD":27.2,"CHCG":23.5,"CHVI":7.75,"HSER":7.19,"HCCR":30.91,"HEG":0.539,"RFHN":0,"SDCFR":5,"DDHRI":0,"PDBRS":3,"NEDS":9.13,"HWGEI":0.55,"UAI":0.29000000000000004,"OHZRP":5.2,"IMSS":8.3,"DQCS":54,"HSSI_adm3":5.118,"ETI_adm3":1,"MMPG_adm3":2.896,"TECI_adm3":6.057,"GHAD_adm3":31.963,"CHCG_adm3":33.064,"CHVI_adm3":9.053,"HSER_adm3":8.569,"HCCR_adm3":41.238,"HEG_adm3":0.67,"RFHN_adm3":0.004,"SDCFR_adm3":6.409,"DDHRI_adm3":0,"PDBRS_adm3":3.537,"NEDS_adm3":11.266,"HWGEI_adm3":0.783,"UAI_adm3":0.39,"OHZRP_adm3":3.922,"IMSS_adm3":9.928,"DQCS_adm3":66.463,"coast_dist_km":143,"cross_border_score":0,"facility_access_proxy":0.9,"malaria_ecotype":"Lowland-Seasonal"}},{"type":"Feature","geometry":{"type":"Point","coordinates":[36.99,-16.85]},"properties":{"adm3_id":"ZB-MOC-090","province":"Zambézia","district":"Mocuba","post_name":"Mocuba Sede","pop_2017":260000,"area_km2":680,"urban_class":"peri-urban","pop_density":382.4,"HSSI":3.91,"ETI":0.93,"MMPG":2.829,"TECI":4.37,"GHAD":27.2,"CHCG":23.5,"CHVI":7.75,"HSER":7.19,"HCCR":30.91,"HEG":0.539,"RFHN":0,"SDCFR":5,"DDHRI":0,"PDBRS":3,"NEDS":9.13,"HWGEI":0.55,"UAI":0.29000000000000004,"OHZRP":5.2,"IMSS":8.3,"DQCS":54,"HSSI_adm3":4.124,"ETI_adm3":0.713,"MMPG_adm3":2.712,"TECI_adm3":4.239,"GHAD_adm3":33.945,"CHCG_adm3":25.878,"CHVI_adm3":8.13,"HSER_adm3":7.958,"HCCR_adm3":27.44,"HEG_adm3":0.45,"RFHN_adm3":0.011,"SDCFR_adm3":4.98,"DDHRI_adm3":0,"PDBRS_adm3":3.162,"NEDS_adm3":9.381,"HWGEI_adm3":0.563,"UAI_adm3":0.263,"OHZRP_adm3":5.46,"IMSS_adm3":9.064,"DQCS_adm3":50.518,"coast_dist_km":127,"cross_border_score":0,"facility_access_proxy":1.95,"malaria_ecotype":"Lowland-Holoendemic"}},{"type":"Feature","geometry":{"type":"Point","coordinates":[37.22,-16.65]},"properties":{"adm3_id":"ZB-MOC-091","province":"Zambézia","district":"Mocuba","post_name":"Mungulama","pop_2017":72000,"area_km2":620,"urban_class":"rural","pop_density":116.1,"HSSI":3.91,"ETI":0.93,"MMPG":2.829,"TECI":4.37,"GHAD":27.2,"CHCG":23.5,"CHVI":7.75,"HSER":7.19,"HCCR":30.91,"HEG":0.539,"RFHN":0,"SDCFR":5,"DDHRI":0,"PDBRS":3,"NEDS":9.13,"HWGEI":0.55,"UAI":0.29000000000000004,"OHZRP":5.2,"IMSS":8.3,"DQCS":54,"HSSI_adm3":5.206,"ETI_adm3":1,"MMPG_adm3":2.841,"TECI_adm3":4.912,"GHAD_adm3":33.262,"CHCG_adm3":33.584,"CHVI_adm3":10,"HSER_adm3":8.803,"HCCR_adm3":36.992,"HEG_adm3":0.63,"RFHN_adm3":0.001,"SDCFR_adm3":5.95,"DDHRI_adm3":0.006,"PDBRS_adm3":3.542,"NEDS_adm3":13.182,"HWGEI_adm3":0.702,"UAI_adm3":0.351,"OHZRP_adm3":4.424,"IMSS_adm3":10.68,"DQCS_adm3":63.193,"coast_dist_km":146,"cross_border_score":0,"facility_access_proxy":0.9,"malaria_ecotype":"Lowland-Holoendemic"}},{"type":"Feature","geometry":{"type":"Point","coordinates":[35.76,-16.08]},"properties":{"adm3_id":"ZB-MIL-092","province":"Zambézia","district":"Milange","post_name":"Milange Sede","pop_2017":310000,"area_km2":850,"urban_class":"rural","pop_density":364.7,"HSSI":3.91,"ETI":0.93,"MMPG":2.829,"TECI":4.37,"GHAD":27.2,"CHCG":23.5,"CHVI":7.75,"HSER":7.19,"HCCR":30.91,"HEG":0.539,"RFHN":0,"SDCFR":5,"DDHRI":0,"PDBRS":3,"NEDS":9.13,"HWGEI":0.55,"UAI":0.29000000000000004,"OHZRP":5.2,"IMSS":8.3,"DQCS":54,"HSSI_adm3":4.84,"ETI_adm3":1,"MMPG_adm3":3.014,"TECI_adm3":5.432,"GHAD_adm3":29.819,"CHCG_adm3":28.606,"CHVI_adm3":10,"HSER_adm3":7.855,"HCCR_adm3":43.412,"HEG_adm3":0.598,"RFHN_adm3":0.023,"SDCFR_adm3":6.302,"DDHRI_adm3":0.006,"PDBRS_adm3":3.306,"NEDS_adm3":11.88,"HWGEI_adm3":0.638,"UAI_adm3":0.273,"OHZRP_adm3":3.532,"IMSS_adm3":10.969,"DQCS_adm3":62.978,"coast_dist_km":22,"cross_border_score":8,"facility_access_proxy":0.9,"malaria_ecotype":"Lowland-Holoendemic"}},{"type":"Feature","geometry":{"type":"Point","coordinates":[35.55,-15.88]},"properties":{"adm3_id":"ZB-MIL-093","province":"Zambézia","district":"Milange","post_name":"Muloza","pop_2017":78000,"area_km2":720,"urban_class":"rural","pop_density":108.3,"HSSI":3.91,"ETI":0.93,"MMPG":2.829,"TECI":4.37,"GHAD":27.2,"CHCG":23.5,"CHVI":7.75,"HSER":7.19,"HCCR":30.91,"HEG":0.539,"RFHN":0,"SDCFR":5,"DDHRI":0,"PDBRS":3,"NEDS":9.13,"HWGEI":0.55,"UAI":0.29000000000000004,"OHZRP":5.2,"IMSS":8.3,"DQCS":54,"HSSI_adm3":4.685,"ETI_adm3":1,"MMPG_adm3":4,"TECI_adm3":6.023,"GHAD_adm3":34.229,"CHCG_adm3":26.114,"CHVI_adm3":9.497,"HSER_adm3":8.245,"HCCR_adm3":41.436,"HEG_adm3":0.738,"RFHN_adm3":0,"SDCFR_adm3":7.938,"DDHRI_adm3":0.005,"PDBRS_adm3":4.005,"NEDS_adm3":12.215,"HWGEI_adm3":0.71,"UAI_adm3":0.342,"OHZRP_adm3":4.511,"IMSS_adm3":10.31,"DQCS_adm3":64.824,"coast_dist_km":4,"cross_border_score":8,"facility_access_proxy":0.9,"malaria_ecotype":"Lowland-Seasonal"}},{"type":"Feature","geometry":{"type":"Point","coordinates":[35.35,-17.32]},"properties":{"adm3_id":"ZB-MOR-094","province":"Zambézia","district":"Morrumbala","post_name":"Morrumbala Sede","pop_2017":185000,"area_km2":820,"urban_class":"rural","pop_density":225.6,"HSSI":3.91,"ETI":0.93,"MMPG":2.829,"TECI":4.37,"GHAD":27.2,"CHCG":23.5,"CHVI":7.75,"HSER":7.19,"HCCR":30.91,"HEG":0.539,"RFHN":0,"SDCFR":5,"DDHRI":0,"PDBRS":3,"NEDS":9.13,"HWGEI":0.55,"UAI":0.29000000000000004,"OHZRP":5.2,"IMSS":8.3,"DQCS":54,"HSSI_adm3":4.849,"ETI_adm3":1,"MMPG_adm3":3.849,"TECI_adm3":4.941,"GHAD_adm3":30.476,"CHCG_adm3":28.695,"CHVI_adm3":10,"HSER_adm3":7.378,"HCCR_adm3":38.88,"HEG_adm3":0.728,"RFHN_adm3":0.003,"SDCFR_adm3":6.759,"DDHRI_adm3":0.004,"PDBRS_adm3":4.04,"NEDS_adm3":12.705,"HWGEI_adm3":0.68,"UAI_adm3":0.345,"OHZRP_adm3":4.128,"IMSS_adm3":11.552,"DQCS_adm3":63.02,"coast_dist_km":13,"cross_border_score":6,"facility_access_proxy":0.9,"malaria_ecotype":"Lowland-Holoendemic"}},{"type":"Feature","geometry":{"type":"Point","coordinates":[35.58,-17.55]},"properties":{"adm3_id":"ZB-MOR-095","province":"Zambézia","district":"Morrumbala","post_name":"Megaza","pop_2017":58000,"area_km2":680,"urban_class":"rural","pop_density":85.3,"HSSI":3.91,"ETI":0.93,"MMPG":2.829,"TECI":4.37,"GHAD":27.2,"CHCG":23.5,"CHVI":7.75,"HSER":7.19,"HCCR":30.91,"HEG":0.539,"RFHN":0,"SDCFR":5,"DDHRI":0,"PDBRS":3,"NEDS":9.13,"HWGEI":0.55,"UAI":0.29000000000000004,"OHZRP":5.2,"IMSS":8.3,"DQCS":54,"HSSI_adm3":4.079,"ETI_adm3":1,"MMPG_adm3":3.285,"TECI_adm3":4.976,"GHAD_adm3":31.539,"CHCG_adm3":29.664,"CHVI_adm3":8.292,"HSER_adm3":8.85,"HCCR_adm3":36.302,"HEG_adm3":0.545,"RFHN_adm3":0,"SDCFR_adm3":6.89,"DDHRI_adm3":0,"PDBRS_adm3":4.012,"NEDS_adm3":10.119,"HWGEI_adm3":0.655,"UAI_adm3":0.329,"OHZRP_adm3":3.26,"IMSS_adm3":11.305,"DQCS_adm3":60.729,"coast_dist_km":7,"cross_border_score":6,"facility_access_proxy":0.9,"malaria_ecotype":"Lowland-Holoendemic"}},{"type":"Feature","geometry":{"type":"Point","coordinates":[37.7,-15.64]},"properties":{"adm3_id":"ZB-ALT-096","province":"Zambézia","district":"Alto Molocue","post_name":"A.Molocue Sede","pop_2017":215000,"area_km2":780,"urban_class":"rural","pop_density":275.6,"HSSI":3.91,"ETI":0.93,"MMPG":2.829,"TECI":4.37,"GHAD":27.2,"CHCG":23.5,"CHVI":7.75,"HSER":7.19,"HCCR":30.91,"HEG":0.539,"RFHN":0,"SDCFR":5,"DDHRI":0,"PDBRS":3,"NEDS":9.13,"HWGEI":0.55,"UAI":0.29000000000000004,"OHZRP":5.2,"IMSS":8.3,"DQCS":54,"HSSI_adm3":4.194,"ETI_adm3":1,"MMPG_adm3":3.011,"TECI_adm3":5.761,"GHAD_adm3":35.3,"CHCG_adm3":29.599,"CHVI_adm3":10,"HSER_adm3":8.877,"HCCR_adm3":37.323,"HEG_adm3":0.644,"RFHN_adm3":0,"SDCFR_adm3":6.765,"DDHRI_adm3":0.008,"PDBRS_adm3":3.633,"NEDS_adm3":12.247,"HWGEI_adm3":0.646,"UAI_adm3":0.368,"OHZRP_adm3":3.948,"IMSS_adm3":10.824,"DQCS_adm3":68.45,"coast_dist_km":187,"cross_border_score":0,"facility_access_proxy":0.9,"malaria_ecotype":"Lowland-Seasonal"}},{"type":"Feature","geometry":{"type":"Point","coordinates":[37.92,-15.42]},"properties":{"adm3_id":"ZB-ALT-097","province":"Zambézia","district":"Alto Molocue","post_name":"Nauela","pop_2017":68000,"area_km2":650,"urban_class":"rural","pop_density":104.6,"HSSI":3.91,"ETI":0.93,"MMPG":2.829,"TECI":4.37,"GHAD":27.2,"CHCG":23.5,"CHVI":7.75,"HSER":7.19,"HCCR":30.91,"HEG":0.539,"RFHN":0,"SDCFR":5,"DDHRI":0,"PDBRS":3,"NEDS":9.13,"HWGEI":0.55,"UAI":0.29000000000000004,"OHZRP":5.2,"IMSS":8.3,"DQCS":54,"HSSI_adm3":4.254,"ETI_adm3":1,"MMPG_adm3":2.5,"TECI_adm3":5.344,"GHAD_adm3":35.819,"CHCG_adm3":32.583,"CHVI_adm3":8.973,"HSER_adm3":8.739,"HCCR_adm3":38.819,"HEG_adm3":0.609,"RFHN_adm3":0.002,"SDCFR_adm3":7.152,"DDHRI_adm3":0,"PDBRS_adm3":3.708,"NEDS_adm3":11.087,"HWGEI_adm3":0.8,"UAI_adm3":0.361,"OHZRP_adm3":4.932,"IMSS_adm3":11.308,"DQCS_adm3":68.516,"coast_dist_km":206,"cross_border_score":0,"facility_access_proxy":0.9,"malaria_ecotype":"Lowland-Seasonal"}},{"type":"Feature","geometry":{"type":"Point","coordinates":[37.49,-17.3]},"properties":{"adm3_id":"ZB-MAG-098","province":"Zambézia","district":"Maganja da Costa","post_name":"Maganja Sede","pop_2017":148000,"area_km2":780,"urban_class":"rural","pop_density":189.7,"HSSI":3.91,"ETI":0.93,"MMPG":2.829,"TECI":4.37,"GHAD":27.2,"CHCG":23.5,"CHVI":7.75,"HSER":7.19,"HCCR":30.91,"HEG":0.539,"RFHN":0,"SDCFR":5,"DDHRI":0,"PDBRS":3,"NEDS":9.13,"HWGEI":0.55,"UAI":0.29000000000000004,"OHZRP":5.2,"IMSS":8.3,"DQCS":54,"HSSI_adm3":4.41,"ETI_adm3":1,"MMPG_adm3":3.346,"TECI_adm3":5.809,"GHAD_adm3":31.963,"CHCG_adm3":28.353,"CHVI_adm3":9.16,"HSER_adm3":9.619,"HCCR_adm3":38.731,"HEG_adm3":0.77,"RFHN_adm3":0.008,"SDCFR_adm3":6.134,"DDHRI_adm3":0,"PDBRS_adm3":3.937,"NEDS_adm3":8.631,"HWGEI_adm3":0.673,"UAI_adm3":0.287,"OHZRP_adm3":5.119,"IMSS_adm3":11.13,"DQCS_adm3":74.864,"coast_dist_km":169,"cross_border_score":0,"facility_access_proxy":0.9,"malaria_ecotype":"Lowland-Holoendemic"}},{"type":"Feature","geometry":{"type":"Point","coordinates":[37.72,-17.08]},"properties":{"adm3_id":"ZB-MAG-099","province":"Zambézia","district":"Maganja da Costa","post_name":"Bajone","pop_2017":52000,"area_km2":650,"urban_class":"rural","pop_density":80,"HSSI":3.91,"ETI":0.93,"MMPG":2.829,"TECI":4.37,"GHAD":27.2,"CHCG":23.5,"CHVI":7.75,"HSER":7.19,"HCCR":30.91,"HEG":0.539,"RFHN":0,"SDCFR":5,"DDHRI":0,"PDBRS":3,"NEDS":9.13,"HWGEI":0.55,"UAI":0.29000000000000004,"OHZRP":5.2,"IMSS":8.3,"DQCS":54,"HSSI_adm3":5.079,"ETI_adm3":1,"MMPG_adm3":4,"TECI_adm3":5.455,"GHAD_adm3":37.233,"CHCG_adm3":30.371,"CHVI_adm3":9.667,"HSER_adm3":9.689,"HCCR_adm3":38.412,"HEG_adm3":0.573,"RFHN_adm3":0.003,"SDCFR_adm3":4.997,"DDHRI_adm3":0,"PDBRS_adm3":3.848,"NEDS_adm3":9.06,"HWGEI_adm3":0.609,"UAI_adm3":0.37,"OHZRP_adm3":4.511,"IMSS_adm3":9.933,"DQCS_adm3":64.606,"coast_dist_km":189,"cross_border_score":0,"facility_access_proxy":0.9,"malaria_ecotype":"Lowland-Holoendemic"}},{"type":"Feature","geometry":{"type":"Point","coordinates":[37.25,-16.89]},"properties":{"adm3_id":"ZB-ILE-100","province":"Zambézia","district":"Ile","post_name":"Ile Sede","pop_2017":172000,"area_km2":720,"urban_class":"rural","pop_density":238.9,"HSSI":3.91,"ETI":0.93,"MMPG":2.829,"TECI":4.37,"GHAD":27.2,"CHCG":23.5,"CHVI":7.75,"HSER":7.19,"HCCR":30.91,"HEG":0.539,"RFHN":0,"SDCFR":5,"DDHRI":0,"PDBRS":3,"NEDS":9.13,"HWGEI":0.55,"UAI":0.29000000000000004,"OHZRP":5.2,"IMSS":8.3,"DQCS":54,"HSSI_adm3":4.454,"ETI_adm3":1,"MMPG_adm3":3.688,"TECI_adm3":5.837,"GHAD_adm3":37.79,"CHCG_adm3":26.577,"CHVI_adm3":8.218,"HSER_adm3":8.888,"HCCR_adm3":38.561,"HEG_adm3":0.794,"RFHN_adm3":0.013,"SDCFR_adm3":6.135,"DDHRI_adm3":0.02,"PDBRS_adm3":3.652,"NEDS_adm3":10.287,"HWGEI_adm3":0.65,"UAI_adm3":0.332,"OHZRP_adm3":3.301,"IMSS_adm3":9.023,"DQCS_adm3":68.782,"coast_dist_km":149,"cross_border_score":0,"facility_access_proxy":0.9,"malaria_ecotype":"Lowland-Holoendemic"}},{"type":"Feature","geometry":{"type":"Point","coordinates":[37.07,-15.95]},"properties":{"adm3_id":"ZB-ILE-101","province":"Zambézia","district":"Ile","post_name":"Namarroi","pop_2017":58000,"area_km2":620,"urban_class":"rural","pop_density":93.5,"HSSI":3.91,"ETI":0.93,"MMPG":2.829,"TECI":4.37,"GHAD":27.2,"CHCG":23.5,"CHVI":7.75,"HSER":7.19,"HCCR":30.91,"HEG":0.539,"RFHN":0,"SDCFR":5,"DDHRI":0,"PDBRS":3,"NEDS":9.13,"HWGEI":0.55,"UAI":0.29000000000000004,"OHZRP":5.2,"IMSS":8.3,"DQCS":54,"HSSI_adm3":4.706,"ETI_adm3":1,"MMPG_adm3":3.341,"TECI_adm3":4.909,"GHAD_adm3":38.702,"CHCG_adm3":30.649,"CHVI_adm3":9.903,"HSER_adm3":7.738,"HCCR_adm3":38.105,"HEG_adm3":0.671,"RFHN_adm3":0,"SDCFR_adm3":6.745,"DDHRI_adm3":0,"PDBRS_adm3":3.345,"NEDS_adm3":12,"HWGEI_adm3":0.685,"UAI_adm3":0.379,"OHZRP_adm3":4.367,"IMSS_adm3":10.798,"DQCS_adm3":68.854,"coast_dist_km":133,"cross_border_score":0,"facility_access_proxy":0.9,"malaria_ecotype":"Lowland-Seasonal"}},{"type":"Feature","geometry":{"type":"Point","coordinates":[38.16,-17.26]},"properties":{"adm3_id":"ZB-PEB-102","province":"Zambézia","district":"Pebane","post_name":"Pebane Sede","pop_2017":98000,"area_km2":850,"urban_class":"rural","pop_density":115.3,"HSSI":3.91,"ETI":0.93,"MMPG":2.829,"TECI":4.37,"GHAD":27.2,"CHCG":23.5,"CHVI":7.75,"HSER":7.19,"HCCR":30.91,"HEG":0.539,"RFHN":0,"SDCFR":5,"DDHRI":0,"PDBRS":3,"NEDS":9.13,"HWGEI":0.55,"UAI":0.29000000000000004,"OHZRP":5.2,"IMSS":8.3,"DQCS":54,"HSSI_adm3":5.51,"ETI_adm3":1,"MMPG_adm3":3.699,"TECI_adm3":5.456,"GHAD_adm3":35.733,"CHCG_adm3":29.384,"CHVI_adm3":10,"HSER_adm3":9.349,"HCCR_adm3":35.057,"HEG_adm3":0.587,"RFHN_adm3":0,"SDCFR_adm3":5.658,"DDHRI_adm3":0.005,"PDBRS_adm3":3.778,"NEDS_adm3":11.538,"HWGEI_adm3":0.717,"UAI_adm3":0.32,"OHZRP_adm3":4.595,"IMSS_adm3":10.924,"DQCS_adm3":66.401,"coast_dist_km":226,"cross_border_score":0,"facility_access_proxy":0.9,"malaria_ecotype":"Lowland-Holoendemic"}},{"type":"Feature","geometry":{"type":"Point","coordinates":[37,-17.44]},"properties":{"adm3_id":"ZB-NAM-103","province":"Zambézia","district":"Namacurra","post_name":"Namacurra Sede","pop_2017":88000,"area_km2":580,"urban_class":"rural","pop_density":151.7,"HSSI":3.91,"ETI":0.93,"MMPG":2.829,"TECI":4.37,"GHAD":27.2,"CHCG":23.5,"CHVI":7.75,"HSER":7.19,"HCCR":30.91,"HEG":0.539,"RFHN":0,"SDCFR":5,"DDHRI":0,"PDBRS":3,"NEDS":9.13,"HWGEI":0.55,"UAI":0.29000000000000004,"OHZRP":5.2,"IMSS":8.3,"DQCS":54,"HSSI_adm3":4.717,"ETI_adm3":1,"MMPG_adm3":2.991,"TECI_adm3":5.35,"GHAD_adm3":38.464,"CHCG_adm3":27.253,"CHVI_adm3":9.963,"HSER_adm3":9.312,"HCCR_adm3":37.355,"HEG_adm3":0.623,"RFHN_adm3":0.027,"SDCFR_adm3":6.142,"DDHRI_adm3":0,"PDBRS_adm3":4.02,"NEDS_adm3":11.616,"HWGEI_adm3":0.717,"UAI_adm3":0.363,"OHZRP_adm3":4.516,"IMSS_adm3":11.472,"DQCS_adm3":70.723,"coast_dist_km":128,"cross_border_score":0,"facility_access_proxy":0.9,"malaria_ecotype":"Lowland-Holoendemic"}},{"type":"Feature","geometry":{"type":"Point","coordinates":[36.39,-17.56]},"properties":{"adm3_id":"ZB-INH-104","province":"Zambézia","district":"Inhassunge","post_name":"Inhassunge Sede","pop_2017":68000,"area_km2":520,"urban_class":"rural","pop_density":130.8,"HSSI":3.91,"ETI":0.93,"MMPG":2.829,"TECI":4.37,"GHAD":27.2,"CHCG":23.5,"CHVI":7.75,"HSER":7.19,"HCCR":30.91,"HEG":0.539,"RFHN":0,"SDCFR":5,"DDHRI":0,"PDBRS":3,"NEDS":9.13,"HWGEI":0.55,"UAI":0.29000000000000004,"OHZRP":5.2,"IMSS":8.3,"DQCS":54,"HSSI_adm3":5.241,"ETI_adm3":1,"MMPG_adm3":3.432,"TECI_adm3":4.813,"GHAD_adm3":27.842,"CHCG_adm3":28.708,"CHVI_adm3":8.194,"HSER_adm3":9.169,"HCCR_adm3":40.908,"HEG_adm3":0.614,"RFHN_adm3":0.004,"SDCFR_adm3":5.828,"DDHRI_adm3":0,"PDBRS_adm3":3.451,"NEDS_adm3":13.569,"HWGEI_adm3":0.724,"UAI_adm3":0.353,"OHZRP_adm3":4.554,"IMSS_adm3":9.433,"DQCS_adm3":70.857,"coast_dist_km":76,"cross_border_score":0,"facility_access_proxy":0.9,"malaria_ecotype":"Lowland-Holoendemic"}},{"type":"Feature","geometry":{"type":"Point","coordinates":[36.11,-18.12]},"properties":{"adm3_id":"ZB-CHI-105","province":"Zambézia","district":"Chinde","post_name":"Chinde Sede","pop_2017":78000,"area_km2":650,"urban_class":"rural","pop_density":120,"HSSI":3.91,"ETI":0.93,"MMPG":2.829,"TECI":4.37,"GHAD":27.2,"CHCG":23.5,"CHVI":7.75,"HSER":7.19,"HCCR":30.91,"HEG":0.539,"RFHN":0,"SDCFR":5,"DDHRI":0,"PDBRS":3,"NEDS":9.13,"HWGEI":0.55,"UAI":0.29000000000000004,"OHZRP":5.2,"IMSS":8.3,"DQCS":54,"HSSI_adm3":4.44,"ETI_adm3":1,"MMPG_adm3":3.571,"TECI_adm3":4.627,"GHAD_adm3":32.959,"CHCG_adm3":28.854,"CHVI_adm3":9.571,"HSER_adm3":9.562,"HCCR_adm3":35.24,"HEG_adm3":0.579,"RFHN_adm3":0,"SDCFR_adm3":7.166,"DDHRI_adm3":0,"PDBRS_adm3":3.91,"NEDS_adm3":10.009,"HWGEI_adm3":0.653,"UAI_adm3":0.373,"OHZRP_adm3":4.286,"IMSS_adm3":9.463,"DQCS_adm3":68.918,"coast_dist_km":52,"cross_border_score":0,"facility_access_proxy":0.9,"malaria_ecotype":"Lowland-Holoendemic"}},{"type":"Feature","geometry":{"type":"Point","coordinates":[35.71,-17.96]},"properties":{"adm3_id":"ZB-MOP-106","province":"Zambézia","district":"Mopeia","post_name":"Mopeia Sede","pop_2017":82000,"area_km2":820,"urban_class":"rural","pop_density":100,"HSSI":3.91,"ETI":0.93,"MMPG":2.829,"TECI":4.37,"GHAD":27.2,"CHCG":23.5,"CHVI":7.75,"HSER":7.19,"HCCR":30.91,"HEG":0.539,"RFHN":0,"SDCFR":5,"DDHRI":0,"PDBRS":3,"NEDS":9.13,"HWGEI":0.55,"UAI":0.29000000000000004,"OHZRP":5.2,"IMSS":8.3,"DQCS":54,"HSSI_adm3":4.789,"ETI_adm3":1,"MMPG_adm3":3.506,"TECI_adm3":5.829,"GHAD_adm3":31.161,"CHCG_adm3":28.61,"CHVI_adm3":10,"HSER_adm3":8.306,"HCCR_adm3":38.167,"HEG_adm3":0.681,"RFHN_adm3":0,"SDCFR_adm3":6.707,"DDHRI_adm3":0,"PDBRS_adm3":3.833,"NEDS_adm3":11.382,"HWGEI_adm3":0.706,"UAI_adm3":0.367,"OHZRP_adm3":4.01,"IMSS_adm3":10.838,"DQCS_adm3":66.393,"coast_dist_km":18,"cross_border_score":0,"facility_access_proxy":0.9,"malaria_ecotype":"Lowland-Holoendemic"}},{"type":"Feature","geometry":{"type":"Point","coordinates":[36.4,-18.04]},"properties":{"adm3_id":"ZB-LUA-107","province":"Zambézia","district":"Luabo","post_name":"Luabo Sede","pop_2017":52000,"area_km2":680,"urban_class":"rural","pop_density":76.5,"HSSI":3.91,"ETI":0.93,"MMPG":2.829,"TECI":4.37,"GHAD":27.2,"CHCG":23.5,"CHVI":7.75,"HSER":7.19,"HCCR":30.91,"HEG":0.539,"RFHN":0,"SDCFR":5,"DDHRI":0,"PDBRS":3,"NEDS":9.13,"HWGEI":0.55,"UAI":0.29000000000000004,"OHZRP":5.2,"IMSS":8.3,"DQCS":54,"HSSI_adm3":4.432,"ETI_adm3":1,"MMPG_adm3":3.813,"TECI_adm3":5.275,"GHAD_adm3":34.39,"CHCG_adm3":34.388,"CHVI_adm3":7.922,"HSER_adm3":10.163,"HCCR_adm3":36.602,"HEG_adm3":0.582,"RFHN_adm3":0,"SDCFR_adm3":6.647,"DDHRI_adm3":0.004,"PDBRS_adm3":3.938,"NEDS_adm3":11.749,"HWGEI_adm3":0.64,"UAI_adm3":0.354,"OHZRP_adm3":3.67,"IMSS_adm3":10.303,"DQCS_adm3":65.952,"coast_dist_km":76,"cross_border_score":0,"facility_access_proxy":0.9,"malaria_ecotype":"Lowland-Holoendemic"}},{"type":"Feature","geometry":{"type":"Point","coordinates":[36.74,-16.49]},"properties":{"adm3_id":"ZB-LUG-108","province":"Zambézia","district":"Lugela","post_name":"Lugela Sede","pop_2017":68000,"area_km2":720,"urban_class":"rural","pop_density":94.4,"HSSI":3.91,"ETI":0.93,"MMPG":2.829,"TECI":4.37,"GHAD":27.2,"CHCG":23.5,"CHVI":7.75,"HSER":7.19,"HCCR":30.91,"HEG":0.539,"RFHN":0,"SDCFR":5,"DDHRI":0,"PDBRS":3,"NEDS":9.13,"HWGEI":0.55,"UAI":0.29000000000000004,"OHZRP":5.2,"IMSS":8.3,"DQCS":54,"HSSI_adm3":4.725,"ETI_adm3":1,"MMPG_adm3":3.657,"TECI_adm3":4.916,"GHAD_adm3":32.129,"CHCG_adm3":29.096,"CHVI_adm3":8.677,"HSER_adm3":8.426,"HCCR_adm3":38.914,"HEG_adm3":0.511,"RFHN_adm3":0.009,"SDCFR_adm3":6.629,"DDHRI_adm3":0,"PDBRS_adm3":3.968,"NEDS_adm3":10.598,"HWGEI_adm3":0.654,"UAI_adm3":0.311,"OHZRP_adm3":2.853,"IMSS_adm3":8.478,"DQCS_adm3":61.578,"coast_dist_km":105,"cross_border_score":0,"facility_access_proxy":0.9,"malaria_ecotype":"Lowland-Holoendemic"}},{"type":"Feature","geometry":{"type":"Point","coordinates":[36.34,-17.15]},"properties":{"adm3_id":"ZB-DER-109","province":"Zambézia","district":"Derre","post_name":"Derre Sede","pop_2017":42000,"area_km2":620,"urban_class":"rural","pop_density":67.7,"HSSI":3.91,"ETI":0.93,"MMPG":2.829,"TECI":4.37,"GHAD":27.2,"CHCG":23.5,"CHVI":7.75,"HSER":7.19,"HCCR":30.91,"HEG":0.539,"RFHN":0,"SDCFR":5,"DDHRI":0,"PDBRS":3,"NEDS":9.13,"HWGEI":0.55,"UAI":0.29000000000000004,"OHZRP":5.2,"IMSS":8.3,"DQCS":54,"HSSI_adm3":5.29,"ETI_adm3":1,"MMPG_adm3":3.77,"TECI_adm3":5.411,"GHAD_adm3":33.456,"CHCG_adm3":28.685,"CHVI_adm3":10,"HSER_adm3":9.426,"HCCR_adm3":37.673,"HEG_adm3":0.645,"RFHN_adm3":0,"SDCFR_adm3":6.227,"DDHRI_adm3":0,"PDBRS_adm3":3.576,"NEDS_adm3":11.444,"HWGEI_adm3":0.638,"UAI_adm3":0.313,"OHZRP_adm3":4.271,"IMSS_adm3":10.752,"DQCS_adm3":64.01,"coast_dist_km":71,"cross_border_score":0,"facility_access_proxy":0.9,"malaria_ecotype":"Lowland-Holoendemic"}},{"type":"Feature","geometry":{"type":"Point","coordinates":[38.27,-16.17]},"properties":{"adm3_id":"ZB-GIL-110","province":"Zambézia","district":"Gile","post_name":"Gile Sede","pop_2017":78000,"area_km2":850,"urban_class":"rural","pop_density":91.8,"HSSI":3.91,"ETI":0.93,"MMPG":2.829,"TECI":4.37,"GHAD":27.2,"CHCG":23.5,"CHVI":7.75,"HSER":7.19,"HCCR":30.91,"HEG":0.539,"RFHN":0,"SDCFR":5,"DDHRI":0,"PDBRS":3,"NEDS":9.13,"HWGEI":0.55,"UAI":0.29000000000000004,"OHZRP":5.2,"IMSS":8.3,"DQCS":54,"HSSI_adm3":4.06,"ETI_adm3":1,"MMPG_adm3":3.296,"TECI_adm3":6.065,"GHAD_adm3":40.162,"CHCG_adm3":23.439,"CHVI_adm3":9.941,"HSER_adm3":8,"HCCR_adm3":42.306,"HEG_adm3":0.539,"RFHN_adm3":0.001,"SDCFR_adm3":6.371,"DDHRI_adm3":0.008,"PDBRS_adm3":3.346,"NEDS_adm3":9.644,"HWGEI_adm3":0.623,"UAI_adm3":0.343,"OHZRP_adm3":4.174,"IMSS_adm3":8.511,"DQCS_adm3":64.807,"coast_dist_km":235,"cross_border_score":0,"facility_access_proxy":0.9,"malaria_ecotype":"Lowland-Holoendemic"}},{"type":"Feature","geometry":{"type":"Point","coordinates":[33.59,-16.15]},"properties":{"adm3_id":"TE-TET-111","province":"Tete","district":"Tete","post_name":"Tete Sede","pop_2017":245000,"area_km2":320,"urban_class":"urban","pop_density":765.6,"HSSI":3.21,"ETI":0.857,"MMPG":2.786,"TECI":5.01,"GHAD":24.18,"CHCG":15.5,"CHVI":4.31,"HSER":5.54,"HCCR":36.68,"HEG":0.5,"RFHN":0.032,"SDCFR":2.5,"DDHRI":0.05,"PDBRS":4,"NEDS":12.24,"HWGEI":0.51,"UAI":0.38,"OHZRP":10,"IMSS":7.752,"DQCS":57,"HSSI_adm3":2.74,"ETI_adm3":0.751,"MMPG_adm3":2.538,"TECI_adm3":2.614,"GHAD_adm3":18.85,"CHCG_adm3":10.728,"CHVI_adm3":3.665,"HSER_adm3":4.01,"HCCR_adm3":30.836,"HEG_adm3":0.347,"RFHN_adm3":0.025,"SDCFR_adm3":1.633,"DDHRI_adm3":0.06,"PDBRS_adm3":3.024,"NEDS_adm3":11.877,"HWGEI_adm3":0.462,"UAI_adm3":0.304,"OHZRP_adm3":10,"IMSS_adm3":5.313,"DQCS_adm3":40.463,"coast_dist_km":162,"cross_border_score":0,"facility_access_proxy":4,"malaria_ecotype":"Highland-Mesoendemic"}},{"type":"Feature","geometry":{"type":"Point","coordinates":[33.42,-16.32]},"properties":{"adm3_id":"TE-TET-112","province":"Tete","district":"Tete","post_name":"Matundo","pop_2017":65000,"area_km2":480,"urban_class":"peri-urban","pop_density":135.4,"HSSI":3.21,"ETI":0.857,"MMPG":2.786,"TECI":5.01,"GHAD":24.18,"CHCG":15.5,"CHVI":4.31,"HSER":5.54,"HCCR":36.68,"HEG":0.5,"RFHN":0.032,"SDCFR":2.5,"DDHRI":0.05,"PDBRS":4,"NEDS":12.24,"HWGEI":0.51,"UAI":0.38,"OHZRP":10,"IMSS":7.752,"DQCS":57,"HSSI_adm3":3.304,"ETI_adm3":0.834,"MMPG_adm3":3.347,"TECI_adm3":4.095,"GHAD_adm3":25.385,"CHCG_adm3":15.008,"CHVI_adm3":5.29,"HSER_adm3":6.227,"HCCR_adm3":32.818,"HEG_adm3":0.436,"RFHN_adm3":0.041,"SDCFR_adm3":1.822,"DDHRI_adm3":0.071,"PDBRS_adm3":4.293,"NEDS_adm3":11.232,"HWGEI_adm3":0.545,"UAI_adm3":0.355,"OHZRP_adm3":8.382,"IMSS_adm3":9.023,"DQCS_adm3":59.01,"coast_dist_km":177,"cross_border_score":0,"facility_access_proxy":2.08,"malaria_ecotype":"Highland-Mesoendemic"}},{"type":"Feature","geometry":{"type":"Point","coordinates":[33.72,-16.09]},"properties":{"adm3_id":"TE-MOA-113","province":"Tete","district":"Moatize","post_name":"Moatize Sede","pop_2017":155000,"area_km2":380,"urban_class":"peri-urban","pop_density":407.9,"HSSI":3.21,"ETI":0.857,"MMPG":2.786,"TECI":5.01,"GHAD":24.18,"CHCG":15.5,"CHVI":4.31,"HSER":5.54,"HCCR":36.68,"HEG":0.5,"RFHN":0.032,"SDCFR":2.5,"DDHRI":0.05,"PDBRS":4,"NEDS":12.24,"HWGEI":0.51,"UAI":0.38,"OHZRP":10,"IMSS":7.752,"DQCS":57,"HSSI_adm3":2.975,"ETI_adm3":0.862,"MMPG_adm3":2.452,"TECI_adm3":4.446,"GHAD_adm3":23.504,"CHCG_adm3":14.217,"CHVI_adm3":4.557,"HSER_adm3":5.422,"HCCR_adm3":38.656,"HEG_adm3":0.439,"RFHN_adm3":0.021,"SDCFR_adm3":2.547,"DDHRI_adm3":0.055,"PDBRS_adm3":3.821,"NEDS_adm3":15.244,"HWGEI_adm3":0.56,"UAI_adm3":0.405,"OHZRP_adm3":10,"IMSS_adm3":9.468,"DQCS_adm3":62.469,"coast_dist_km":151,"cross_border_score":0,"facility_access_proxy":2.08,"malaria_ecotype":"Highland-Mesoendemic"}},{"type":"Feature","geometry":{"type":"Point","coordinates":[33.95,-15.88]},"properties":{"adm3_id":"TE-MOA-114","province":"Tete","district":"Moatize","post_name":"Benga","pop_2017":48000,"area_km2":420,"urban_class":"rural","pop_density":114.3,"HSSI":3.21,"ETI":0.857,"MMPG":2.786,"TECI":5.01,"GHAD":24.18,"CHCG":15.5,"CHVI":4.31,"HSER":5.54,"HCCR":36.68,"HEG":0.5,"RFHN":0.032,"SDCFR":2.5,"DDHRI":0.05,"PDBRS":4,"NEDS":12.24,"HWGEI":0.51,"UAI":0.38,"OHZRP":10,"IMSS":7.752,"DQCS":57,"HSSI_adm3":3.441,"ETI_adm3":1,"MMPG_adm3":3.177,"TECI_adm3":7.156,"GHAD_adm3":30.445,"CHCG_adm3":21.959,"CHVI_adm3":5.734,"HSER_adm3":7.306,"HCCR_adm3":43.569,"HEG_adm3":0.765,"RFHN_adm3":0.026,"SDCFR_adm3":3.225,"DDHRI_adm3":0.063,"PDBRS_adm3":4.771,"NEDS_adm3":15.252,"HWGEI_adm3":0.639,"UAI_adm3":0.464,"OHZRP_adm3":10,"IMSS_adm3":8.547,"DQCS_adm3":67.1,"coast_dist_km":132,"cross_border_score":0,"facility_access_proxy":0.96,"malaria_ecotype":"Lakeshore-Hyperendemic"}},{"type":"Feature","geometry":{"type":"Point","coordinates":[34.12,-14.69]},"properties":{"adm3_id":"TE-ANG-115","province":"Tete","district":"Angonia","post_name":"Angonia Sede","pop_2017":188000,"area_km2":720,"urban_class":"rural","pop_density":261.1,"HSSI":3.21,"ETI":0.857,"MMPG":2.786,"TECI":5.01,"GHAD":24.18,"CHCG":15.5,"CHVI":4.31,"HSER":5.54,"HCCR":36.68,"HEG":0.5,"RFHN":0.032,"SDCFR":2.5,"DDHRI":0.05,"PDBRS":4,"NEDS":12.24,"HWGEI":0.51,"UAI":0.38,"OHZRP":10,"IMSS":7.752,"DQCS":57,"HSSI_adm3":4.041,"ETI_adm3":1,"MMPG_adm3":3.942,"TECI_adm3":6.435,"GHAD_adm3":30.243,"CHCG_adm3":19.067,"CHVI_adm3":6.817,"HSER_adm3":7.032,"HCCR_adm3":44.151,"HEG_adm3":0.629,"RFHN_adm3":0.043,"SDCFR_adm3":3.5,"DDHRI_adm3":0.081,"PDBRS_adm3":4.399,"NEDS_adm3":16.82,"HWGEI_adm3":0.677,"UAI_adm3":0.436,"OHZRP_adm3":7.895,"IMSS_adm3":9.38,"DQCS_adm3":72.545,"coast_dist_km":117,"cross_border_score":8,"facility_access_proxy":0.96,"malaria_ecotype":"Lowland-Seasonal"}},{"type":"Feature","geometry":{"type":"Point","coordinates":[33.9,-14.85]},"properties":{"adm3_id":"TE-ANG-116","province":"Tete","district":"Angonia","post_name":"Ulongue","pop_2017":65000,"area_km2":580,"urban_class":"rural","pop_density":112.1,"HSSI":3.21,"ETI":0.857,"MMPG":2.786,"TECI":5.01,"GHAD":24.18,"CHCG":15.5,"CHVI":4.31,"HSER":5.54,"HCCR":36.68,"HEG":0.5,"RFHN":0.032,"SDCFR":2.5,"DDHRI":0.05,"PDBRS":4,"NEDS":12.24,"HWGEI":0.51,"UAI":0.38,"OHZRP":10,"IMSS":7.752,"DQCS":57,"HSSI_adm3":3.803,"ETI_adm3":0.979,"MMPG_adm3":3.417,"TECI_adm3":6.731,"GHAD_adm3":31.53,"CHCG_adm3":21.784,"CHVI_adm3":5.275,"HSER_adm3":6.877,"HCCR_adm3":46.774,"HEG_adm3":0.642,"RFHN_adm3":0.048,"SDCFR_adm3":3.612,"DDHRI_adm3":0.086,"PDBRS_adm3":5.578,"NEDS_adm3":15.221,"HWGEI_adm3":0.548,"UAI_adm3":0.464,"OHZRP_adm3":7.725,"IMSS_adm3":9.73,"DQCS_adm3":66.524,"coast_dist_km":136,"cross_border_score":8,"facility_access_proxy":0.96,"malaria_ecotype":"Lakeshore-Hyperendemic"}},{"type":"Feature","geometry":{"type":"Point","coordinates":[32.72,-15.35]},"properties":{"adm3_id":"TE-CAH-117","province":"Tete","district":"Cahora Bassa","post_name":"Songo","pop_2017":125000,"area_km2":820,"urban_class":"peri-urban","pop_density":152.4,"HSSI":3.21,"ETI":0.857,"MMPG":2.786,"TECI":5.01,"GHAD":24.18,"CHCG":15.5,"CHVI":4.31,"HSER":5.54,"HCCR":36.68,"HEG":0.5,"RFHN":0.032,"SDCFR":2.5,"DDHRI":0.05,"PDBRS":4,"NEDS":12.24,"HWGEI":0.51,"UAI":0.38,"OHZRP":10,"IMSS":7.752,"DQCS":57,"HSSI_adm3":3.302,"ETI_adm3":0.918,"MMPG_adm3":3.269,"TECI_adm3":4.313,"GHAD_adm3":27.573,"CHCG_adm3":15.615,"CHVI_adm3":3.889,"HSER_adm3":6.158,"HCCR_adm3":35.232,"HEG_adm3":0.376,"RFHN_adm3":0.036,"SDCFR_adm3":2.987,"DDHRI_adm3":0.066,"PDBRS_adm3":4.272,"NEDS_adm3":12.195,"HWGEI_adm3":0.554,"UAI_adm3":0.389,"OHZRP_adm3":10,"IMSS_adm3":9.427,"DQCS_adm3":55.607,"coast_dist_km":236,"cross_border_score":0,"facility_access_proxy":2.08,"malaria_ecotype":"Lakeshore-Hyperendemic"}},{"type":"Feature","geometry":{"type":"Point","coordinates":[32.55,-15.58]},"properties":{"adm3_id":"TE-CAH-118","province":"Tete","district":"Cahora Bassa","post_name":"Chitima","pop_2017":42000,"area_km2":750,"urban_class":"rural","pop_density":56,"HSSI":3.21,"ETI":0.857,"MMPG":2.786,"TECI":5.01,"GHAD":24.18,"CHCG":15.5,"CHVI":4.31,"HSER":5.54,"HCCR":36.68,"HEG":0.5,"RFHN":0.032,"SDCFR":2.5,"DDHRI":0.05,"PDBRS":4,"NEDS":12.24,"HWGEI":0.51,"UAI":0.38,"OHZRP":10,"IMSS":7.752,"DQCS":57,"HSSI_adm3":4.021,"ETI_adm3":1,"MMPG_adm3":3.33,"TECI_adm3":5.578,"GHAD_adm3":35.022,"CHCG_adm3":19.445,"CHVI_adm3":5.613,"HSER_adm3":6.818,"HCCR_adm3":48.479,"HEG_adm3":0.579,"RFHN_adm3":0.03,"SDCFR_adm3":2.816,"DDHRI_adm3":0.049,"PDBRS_adm3":5.254,"NEDS_adm3":14.436,"HWGEI_adm3":0.646,"UAI_adm3":0.488,"OHZRP_adm3":10,"IMSS_adm3":9.227,"DQCS_adm3":68.095,"coast_dist_km":251,"cross_border_score":0,"facility_access_proxy":0.96,"malaria_ecotype":"Lakeshore-Hyperendemic"}},{"type":"Feature","geometry":{"type":"Point","coordinates":[33.06,-16.3]},"properties":{"adm3_id":"TE-CHA-119","province":"Tete","district":"Changara","post_name":"Changara Sede","pop_2017":98000,"area_km2":780,"urban_class":"rural","pop_density":125.6,"HSSI":3.21,"ETI":0.857,"MMPG":2.786,"TECI":5.01,"GHAD":24.18,"CHCG":15.5,"CHVI":4.31,"HSER":5.54,"HCCR":36.68,"HEG":0.5,"RFHN":0.032,"SDCFR":2.5,"DDHRI":0.05,"PDBRS":4,"NEDS":12.24,"HWGEI":0.51,"UAI":0.38,"OHZRP":10,"IMSS":7.752,"DQCS":57,"HSSI_adm3":4.646,"ETI_adm3":1,"MMPG_adm3":3.984,"TECI_adm3":6.536,"GHAD_adm3":31.126,"CHCG_adm3":19.209,"CHVI_adm3":5.619,"HSER_adm3":6.118,"HCCR_adm3":43.57,"HEG_adm3":0.64,"RFHN_adm3":0.049,"SDCFR_adm3":3.016,"DDHRI_adm3":0.065,"PDBRS_adm3":5.319,"NEDS_adm3":15.476,"HWGEI_adm3":0.669,"UAI_adm3":0.551,"OHZRP_adm3":6.561,"IMSS_adm3":9.242,"DQCS_adm3":74.001,"coast_dist_km":207,"cross_border_score":6,"facility_access_proxy":0.96,"malaria_ecotype":"Highland-Mesoendemic"}},{"type":"Feature","geometry":{"type":"Point","coordinates":[32.27,-14.62]},"properties":{"adm3_id":"TE-CHA-120","province":"Tete","district":"Changara","post_name":"Chifunde","pop_2017":38000,"area_km2":950,"urban_class":"rural","pop_density":40,"HSSI":3.21,"ETI":0.857,"MMPG":2.786,"TECI":5.01,"GHAD":24.18,"CHCG":15.5,"CHVI":4.31,"HSER":5.54,"HCCR":36.68,"HEG":0.5,"RFHN":0.032,"SDCFR":2.5,"DDHRI":0.05,"PDBRS":4,"NEDS":12.24,"HWGEI":0.51,"UAI":0.38,"OHZRP":10,"IMSS":7.752,"DQCS":57,"HSSI_adm3":3.918,"ETI_adm3":1,"MMPG_adm3":3.528,"TECI_adm3":6.298,"GHAD_adm3":31.942,"CHCG_adm3":19.382,"CHVI_adm3":5.11,"HSER_adm3":6.561,"HCCR_adm3":44.028,"HEG_adm3":0.553,"RFHN_adm3":0.031,"SDCFR_adm3":3.274,"DDHRI_adm3":0.069,"PDBRS_adm3":5.19,"NEDS_adm3":15.77,"HWGEI_adm3":0.657,"UAI_adm3":0.448,"OHZRP_adm3":8.046,"IMSS_adm3":11.146,"DQCS_adm3":68.148,"coast_dist_km":275,"cross_border_score":6,"facility_access_proxy":0.96,"malaria_ecotype":"Lakeshore-Hyperendemic"}},{"type":"Feature","geometry":{"type":"Point","coordinates":[30.45,-15.62]},"properties":{"adm3_id":"TE-ZUM-121","province":"Tete","district":"Zumbo","post_name":"Zumbo Sede","pop_2017":42000,"area_km2":1200,"urban_class":"rural","pop_density":35,"HSSI":3.21,"ETI":0.857,"MMPG":2.786,"TECI":5.01,"GHAD":24.18,"CHCG":15.5,"CHVI":4.31,"HSER":5.54,"HCCR":36.68,"HEG":0.5,"RFHN":0.032,"SDCFR":2.5,"DDHRI":0.05,"PDBRS":4,"NEDS":12.24,"HWGEI":0.51,"UAI":0.38,"OHZRP":10,"IMSS":7.752,"DQCS":57,"HSSI_adm3":3.608,"ETI_adm3":1,"MMPG_adm3":3.571,"TECI_adm3":6.598,"GHAD_adm3":26.874,"CHCG_adm3":22.589,"CHVI_adm3":4.843,"HSER_adm3":7.175,"HCCR_adm3":43.917,"HEG_adm3":0.689,"RFHN_adm3":0.033,"SDCFR_adm3":3.91,"DDHRI_adm3":0.037,"PDBRS_adm3":4.919,"NEDS_adm3":14.14,"HWGEI_adm3":0.587,"UAI_adm3":0.472,"OHZRP_adm3":6.832,"IMSS_adm3":9.338,"DQCS_adm3":75.873,"coast_dist_km":429,"cross_border_score":8,"facility_access_proxy":0.96,"malaria_ecotype":"Lakeshore-Hyperendemic"}},{"type":"Feature","geometry":{"type":"Point","coordinates":[34.63,-15.13]},"properties":{"adm3_id":"TE-TSA-122","province":"Tete","district":"Tsangano","post_name":"Tsangano Sede","pop_2017":68000,"area_km2":720,"urban_class":"rural","pop_density":94.4,"HSSI":3.21,"ETI":0.857,"MMPG":2.786,"TECI":5.01,"GHAD":24.18,"CHCG":15.5,"CHVI":4.31,"HSER":5.54,"HCCR":36.68,"HEG":0.5,"RFHN":0.032,"SDCFR":2.5,"DDHRI":0.05,"PDBRS":4,"NEDS":12.24,"HWGEI":0.51,"UAI":0.38,"OHZRP":10,"IMSS":7.752,"DQCS":57,"HSSI_adm3":4.083,"ETI_adm3":1,"MMPG_adm3":4,"TECI_adm3":6.148,"GHAD_adm3":29.969,"CHCG_adm3":15.037,"CHVI_adm3":6.605,"HSER_adm3":7.104,"HCCR_adm3":44.185,"HEG_adm3":0.541,"RFHN_adm3":0.028,"SDCFR_adm3":3.584,"DDHRI_adm3":0.069,"PDBRS_adm3":4.946,"NEDS_adm3":15.115,"HWGEI_adm3":0.561,"UAI_adm3":0.492,"OHZRP_adm3":7.138,"IMSS_adm3":10.369,"DQCS_adm3":70.127,"coast_dist_km":74,"cross_border_score":0,"facility_access_proxy":0.96,"malaria_ecotype":"Lowland-Seasonal"}},{"type":"Feature","geometry":{"type":"Point","coordinates":[35.58,-15.5]},"properties":{"adm3_id":"TE-CHI-123","province":"Tete","district":"Chiuta","post_name":"Chiuta Sede","pop_2017":58000,"area_km2":780,"urban_class":"rural","pop_density":74.4,"HSSI":3.21,"ETI":0.857,"MMPG":2.786,"TECI":5.01,"GHAD":24.18,"CHCG":15.5,"CHVI":4.31,"HSER":5.54,"HCCR":36.68,"HEG":0.5,"RFHN":0.032,"SDCFR":2.5,"DDHRI":0.05,"PDBRS":4,"NEDS":12.24,"HWGEI":0.51,"UAI":0.38,"OHZRP":10,"IMSS":7.752,"DQCS":57,"HSSI_adm3":4.099,"ETI_adm3":0.948,"MMPG_adm3":3.358,"TECI_adm3":6.433,"GHAD_adm3":32.963,"CHCG_adm3":15.632,"CHVI_adm3":5.56,"HSER_adm3":6.215,"HCCR_adm3":49.086,"HEG_adm3":0.605,"RFHN_adm3":0.056,"SDCFR_adm3":3.472,"DDHRI_adm3":0.094,"PDBRS_adm3":4.859,"NEDS_adm3":14.398,"HWGEI_adm3":0.601,"UAI_adm3":0.474,"OHZRP_adm3":7.74,"IMSS_adm3":8.301,"DQCS_adm3":68.281,"coast_dist_km":7,"cross_border_score":7,"facility_access_proxy":0.96,"malaria_ecotype":"Lowland-Seasonal"}},{"type":"Feature","geometry":{"type":"Point","coordinates":[35.09,-17.08]},"properties":{"adm3_id":"TE-MUT-124","province":"Tete","district":"Mutarara","post_name":"Mutarara Sede","pop_2017":88000,"area_km2":820,"urban_class":"rural","pop_density":107.3,"HSSI":3.21,"ETI":0.857,"MMPG":2.786,"TECI":5.01,"GHAD":24.18,"CHCG":15.5,"CHVI":4.31,"HSER":5.54,"HCCR":36.68,"HEG":0.5,"RFHN":0.032,"SDCFR":2.5,"DDHRI":0.05,"PDBRS":4,"NEDS":12.24,"HWGEI":0.51,"UAI":0.38,"OHZRP":10,"IMSS":7.752,"DQCS":57,"HSSI_adm3":4.55,"ETI_adm3":1,"MMPG_adm3":3.158,"TECI_adm3":6.359,"GHAD_adm3":32.746,"CHCG_adm3":18.359,"CHVI_adm3":5.001,"HSER_adm3":6.597,"HCCR_adm3":47.701,"HEG_adm3":0.584,"RFHN_adm3":0.048,"SDCFR_adm3":3.005,"DDHRI_adm3":0.071,"PDBRS_adm3":5.869,"NEDS_adm3":18.701,"HWGEI_adm3":0.666,"UAI_adm3":0.455,"OHZRP_adm3":9.43,"IMSS_adm3":9.529,"DQCS_adm3":65.522,"coast_dist_km":35,"cross_border_score":0,"facility_access_proxy":0.96,"malaria_ecotype":"Lowland-Holoendemic"}},{"type":"Feature","geometry":{"type":"Point","coordinates":[34.39,-16.85]},"properties":{"adm3_id":"TE-DOA-125","province":"Tete","district":"Doa","post_name":"Doa Sede","pop_2017":52000,"area_km2":750,"urban_class":"rural","pop_density":69.3,"HSSI":3.21,"ETI":0.857,"MMPG":2.786,"TECI":5.01,"GHAD":24.18,"CHCG":15.5,"CHVI":4.31,"HSER":5.54,"HCCR":36.68,"HEG":0.5,"RFHN":0.032,"SDCFR":2.5,"DDHRI":0.05,"PDBRS":4,"NEDS":12.24,"HWGEI":0.51,"UAI":0.38,"OHZRP":10,"IMSS":7.752,"DQCS":57,"HSSI_adm3":4.343,"ETI_adm3":0.979,"MMPG_adm3":3.328,"TECI_adm3":6.738,"GHAD_adm3":30.841,"CHCG_adm3":19.402,"CHVI_adm3":5.87,"HSER_adm3":6.661,"HCCR_adm3":50.885,"HEG_adm3":0.637,"RFHN_adm3":0.048,"SDCFR_adm3":2.851,"DDHRI_adm3":0.083,"PDBRS_adm3":5.183,"NEDS_adm3":15.167,"HWGEI_adm3":0.673,"UAI_adm3":0.412,"OHZRP_adm3":9.979,"IMSS_adm3":8.13,"DQCS_adm3":72.407,"coast_dist_km":94,"cross_border_score":0,"facility_access_proxy":0.96,"malaria_ecotype":"Lowland-Holoendemic"}},{"type":"Feature","geometry":{"type":"Point","coordinates":[33.51,-15.61]},"properties":{"adm3_id":"TE-MAC-126","province":"Tete","district":"Macanga","post_name":"Macanga Sede","pop_2017":48000,"area_km2":820,"urban_class":"rural","pop_density":58.5,"HSSI":3.21,"ETI":0.857,"MMPG":2.786,"TECI":5.01,"GHAD":24.18,"CHCG":15.5,"CHVI":4.31,"HSER":5.54,"HCCR":36.68,"HEG":0.5,"RFHN":0.032,"SDCFR":2.5,"DDHRI":0.05,"PDBRS":4,"NEDS":12.24,"HWGEI":0.51,"UAI":0.38,"OHZRP":10,"IMSS":7.752,"DQCS":57,"HSSI_adm3":4.154,"ETI_adm3":1,"MMPG_adm3":3.638,"TECI_adm3":6.756,"GHAD_adm3":32.806,"CHCG_adm3":20.665,"CHVI_adm3":5.33,"HSER_adm3":6.759,"HCCR_adm3":52.527,"HEG_adm3":0.58,"RFHN_adm3":0.056,"SDCFR_adm3":3.37,"DDHRI_adm3":0.065,"PDBRS_adm3":4.847,"NEDS_adm3":17.585,"HWGEI_adm3":0.568,"UAI_adm3":0.454,"OHZRP_adm3":8.342,"IMSS_adm3":8.698,"DQCS_adm3":75.341,"coast_dist_km":169,"cross_border_score":0,"facility_access_proxy":0.96,"malaria_ecotype":"Lakeshore-Hyperendemic"}},{"type":"Feature","geometry":{"type":"Point","coordinates":[32.67,-15.4]},"properties":{"adm3_id":"TE-MAR-127","province":"Tete","district":"Maravia","post_name":"Maravia Sede","pop_2017":38000,"area_km2":950,"urban_class":"rural","pop_density":40,"HSSI":3.21,"ETI":0.857,"MMPG":2.786,"TECI":5.01,"GHAD":24.18,"CHCG":15.5,"CHVI":4.31,"HSER":5.54,"HCCR":36.68,"HEG":0.5,"RFHN":0.032,"SDCFR":2.5,"DDHRI":0.05,"PDBRS":4,"NEDS":12.24,"HWGEI":0.51,"UAI":0.38,"OHZRP":10,"IMSS":7.752,"DQCS":57,"HSSI_adm3":4.591,"ETI_adm3":1,"MMPG_adm3":2.943,"TECI_adm3":5.272,"GHAD_adm3":31.654,"CHCG_adm3":20.26,"CHVI_adm3":5.254,"HSER_adm3":6.301,"HCCR_adm3":42.815,"HEG_adm3":0.606,"RFHN_adm3":0.075,"SDCFR_adm3":2.784,"DDHRI_adm3":0.061,"PDBRS_adm3":5.154,"NEDS_adm3":15.011,"HWGEI_adm3":0.588,"UAI_adm3":0.432,"OHZRP_adm3":7.344,"IMSS_adm3":10.479,"DQCS_adm3":72.499,"coast_dist_km":241,"cross_border_score":7,"facility_access_proxy":0.96,"malaria_ecotype":"Lakeshore-Hyperendemic"}},{"type":"Feature","geometry":{"type":"Point","coordinates":[33.47,-19.12]},"properties":{"adm3_id":"MA-CHI-128","province":"Manica","district":"Chimoio","post_name":"Chimoio Sede","pop_2017":420000,"area_km2":280,"urban_class":"urban","pop_density":1500,"HSSI":2.51,"ETI":0.819,"MMPG":2.768,"TECI":6.41,"GHAD":16.56,"CHCG":5.5,"CHVI":3.51,"HSER":5.21,"HCCR":43.95,"HEG":0.393,"RFHN":0.05,"SDCFR":1.18,"DDHRI":0.08,"PDBRS":2,"NEDS":9.504,"HWGEI":0.54,"UAI":0.72,"OHZRP":9.25,"IMSS":5.984,"DQCS":60,"HSSI_adm3":1.638,"ETI_adm3":0.703,"MMPG_adm3":2.433,"TECI_adm3":3.377,"GHAD_adm3":15.645,"CHCG_adm3":4.143,"CHVI_adm3":3.05,"HSER_adm3":3.9,"HCCR_adm3":35.408,"HEG_adm3":0.301,"RFHN_adm3":0.016,"SDCFR_adm3":0.908,"DDHRI_adm3":0.07,"PDBRS_adm3":1.428,"NEDS_adm3":7.902,"HWGEI_adm3":0.394,"UAI_adm3":0.459,"OHZRP_adm3":10,"IMSS_adm3":4.751,"DQCS_adm3":58.769,"coast_dist_km":173,"cross_border_score":0,"facility_access_proxy":4.75,"malaria_ecotype":"Highland-Mesoendemic"}},{"type":"Feature","geometry":{"type":"Point","coordinates":[33.28,-19.3]},"properties":{"adm3_id":"MA-CHI-129","province":"Manica","district":"Chimoio","post_name":"Nhamaonha","pop_2017":68000,"area_km2":380,"urban_class":"peri-urban","pop_density":178.9,"HSSI":2.51,"ETI":0.819,"MMPG":2.768,"TECI":6.41,"GHAD":16.56,"CHCG":5.5,"CHVI":3.51,"HSER":5.21,"HCCR":43.95,"HEG":0.393,"RFHN":0.05,"SDCFR":1.18,"DDHRI":0.08,"PDBRS":2,"NEDS":9.504,"HWGEI":0.54,"UAI":0.72,"OHZRP":9.25,"IMSS":5.984,"DQCS":60,"HSSI_adm3":2.311,"ETI_adm3":0.766,"MMPG_adm3":2.584,"TECI_adm3":7.191,"GHAD_adm3":17.138,"CHCG_adm3":6.183,"CHVI_adm3":2.953,"HSER_adm3":4.899,"HCCR_adm3":39.803,"HEG_adm3":0.351,"RFHN_adm3":0.04,"SDCFR_adm3":1.163,"DDHRI_adm3":0.067,"PDBRS_adm3":2.256,"NEDS_adm3":7.984,"HWGEI_adm3":0.521,"UAI_adm3":0.666,"OHZRP_adm3":8.771,"IMSS_adm3":5.752,"DQCS_adm3":66.877,"coast_dist_km":189,"cross_border_score":0,"facility_access_proxy":2.47,"malaria_ecotype":"Highland-Mesoendemic"}},{"type":"Feature","geometry":{"type":"Point","coordinates":[32.87,-18.93]},"properties":{"adm3_id":"MA-MAN-130","province":"Manica","district":"Manica","post_name":"Manica Sede","pop_2017":125000,"area_km2":520,"urban_class":"peri-urban","pop_density":240.4,"HSSI":2.51,"ETI":0.819,"MMPG":2.768,"TECI":6.41,"GHAD":16.56,"CHCG":5.5,"CHVI":3.51,"HSER":5.21,"HCCR":43.95,"HEG":0.393,"RFHN":0.05,"SDCFR":1.18,"DDHRI":0.08,"PDBRS":2,"NEDS":9.504,"HWGEI":0.54,"UAI":0.72,"OHZRP":9.25,"IMSS":5.984,"DQCS":60,"HSSI_adm3":2.222,"ETI_adm3":0.742,"MMPG_adm3":3.161,"TECI_adm3":7.335,"GHAD_adm3":15.85,"CHCG_adm3":6.19,"CHVI_adm3":3.662,"HSER_adm3":5.539,"HCCR_adm3":41.208,"HEG_adm3":0.421,"RFHN_adm3":0.041,"SDCFR_adm3":1.421,"DDHRI_adm3":0.064,"PDBRS_adm3":1.888,"NEDS_adm3":8.99,"HWGEI_adm3":0.468,"UAI_adm3":0.649,"OHZRP_adm3":8.61,"IMSS_adm3":5.439,"DQCS_adm3":58.521,"coast_dist_km":224,"cross_border_score":6,"facility_access_proxy":2.47,"malaria_ecotype":"Highland-Mesoendemic"}},{"type":"Feature","geometry":{"type":"Point","coordinates":[32.72,-18.78]},"properties":{"adm3_id":"MA-MAN-131","province":"Manica","district":"Manica","post_name":"Machipanda","pop_2017":38000,"area_km2":420,"urban_class":"rural","pop_density":90.5,"HSSI":2.51,"ETI":0.819,"MMPG":2.768,"TECI":6.41,"GHAD":16.56,"CHCG":5.5,"CHVI":3.51,"HSER":5.21,"HCCR":43.95,"HEG":0.393,"RFHN":0.05,"SDCFR":1.18,"DDHRI":0.08,"PDBRS":2,"NEDS":9.504,"HWGEI":0.54,"UAI":0.72,"OHZRP":9.25,"IMSS":5.984,"DQCS":60,"HSSI_adm3":3.016,"ETI_adm3":1,"MMPG_adm3":2.641,"TECI_adm3":7.217,"GHAD_adm3":21.371,"CHCG_adm3":6.998,"CHVI_adm3":5.212,"HSER_adm3":6.858,"HCCR_adm3":52.716,"HEG_adm3":0.505,"RFHN_adm3":0.051,"SDCFR_adm3":1.421,"DDHRI_adm3":0.121,"PDBRS_adm3":2.585,"NEDS_adm3":12.122,"HWGEI_adm3":0.599,"UAI_adm3":0.939,"OHZRP_adm3":5.227,"IMSS_adm3":7.319,"DQCS_adm3":73.47,"coast_dist_km":236,"cross_border_score":6,"facility_access_proxy":1.14,"malaria_ecotype":"Highland-Mesoendemic"}},{"type":"Feature","geometry":{"type":"Point","coordinates":[33.63,-19.28]},"properties":{"adm3_id":"MA-GON-132","province":"Manica","district":"Gondola","post_name":"Gondola Sede","pop_2017":158000,"area_km2":650,"urban_class":"rural","pop_density":243.1,"HSSI":2.51,"ETI":0.819,"MMPG":2.768,"TECI":6.41,"GHAD":16.56,"CHCG":5.5,"CHVI":3.51,"HSER":5.21,"HCCR":43.95,"HEG":0.393,"RFHN":0.05,"SDCFR":1.18,"DDHRI":0.08,"PDBRS":2,"NEDS":9.504,"HWGEI":0.54,"UAI":0.72,"OHZRP":9.25,"IMSS":5.984,"DQCS":60,"HSSI_adm3":2.709,"ETI_adm3":0.932,"MMPG_adm3":3.191,"TECI_adm3":6.563,"GHAD_adm3":14.847,"CHCG_adm3":7.52,"CHVI_adm3":4.589,"HSER_adm3":6.45,"HCCR_adm3":51.21,"HEG_adm3":0.486,"RFHN_adm3":0.047,"SDCFR_adm3":1.105,"DDHRI_adm3":0.123,"PDBRS_adm3":2.681,"NEDS_adm3":13.705,"HWGEI_adm3":0.631,"UAI_adm3":0.941,"OHZRP_adm3":8.779,"IMSS_adm3":7.699,"DQCS_adm3":77.259,"coast_dist_km":159,"cross_border_score":0,"facility_access_proxy":1.14,"malaria_ecotype":"Highland-Mesoendemic"}},{"type":"Feature","geometry":{"type":"Point","coordinates":[33.82,-19.08]},"properties":{"adm3_id":"MA-GON-133","province":"Manica","district":"Gondola","post_name":"Vila Gondola","pop_2017":48000,"area_km2":520,"urban_class":"rural","pop_density":92.3,"HSSI":2.51,"ETI":0.819,"MMPG":2.768,"TECI":6.41,"GHAD":16.56,"CHCG":5.5,"CHVI":3.51,"HSER":5.21,"HCCR":43.95,"HEG":0.393,"RFHN":0.05,"SDCFR":1.18,"DDHRI":0.08,"PDBRS":2,"NEDS":9.504,"HWGEI":0.54,"UAI":0.72,"OHZRP":9.25,"IMSS":5.984,"DQCS":60,"HSSI_adm3":3.335,"ETI_adm3":0.973,"MMPG_adm3":2.883,"TECI_adm3":8.09,"GHAD_adm3":21.465,"CHCG_adm3":7.058,"CHVI_adm3":4.225,"HSER_adm3":6.345,"HCCR_adm3":51.229,"HEG_adm3":0.467,"RFHN_adm3":0.058,"SDCFR_adm3":1.551,"DDHRI_adm3":0.084,"PDBRS_adm3":2.565,"NEDS_adm3":12.135,"HWGEI_adm3":0.68,"UAI_adm3":0.839,"OHZRP_adm3":8.299,"IMSS_adm3":8.196,"DQCS_adm3":70.969,"coast_dist_km":143,"cross_border_score":0,"facility_access_proxy":1.14,"malaria_ecotype":"Highland-Mesoendemic"}},{"type":"Feature","geometry":{"type":"Point","coordinates":[33.21,-19.72]},"properties":{"adm3_id":"MA-SUS-134","province":"Manica","district":"Sussundenga","post_name":"Sussundenga Sede","pop_2017":88000,"area_km2":780,"urban_class":"rural","pop_density":112.8,"HSSI":2.51,"ETI":0.819,"MMPG":2.768,"TECI":6.41,"GHAD":16.56,"CHCG":5.5,"CHVI":3.51,"HSER":5.21,"HCCR":43.95,"HEG":0.393,"RFHN":0.05,"SDCFR":1.18,"DDHRI":0.08,"PDBRS":2,"NEDS":9.504,"HWGEI":0.54,"UAI":0.72,"OHZRP":9.25,"IMSS":5.984,"DQCS":60,"HSSI_adm3":3.068,"ETI_adm3":1,"MMPG_adm3":3.177,"TECI_adm3":8.738,"GHAD_adm3":13.413,"CHCG_adm3":6.499,"CHVI_adm3":4.169,"HSER_adm3":6.572,"HCCR_adm3":54.429,"HEG_adm3":0.537,"RFHN_adm3":0.045,"SDCFR_adm3":1.369,"DDHRI_adm3":0.116,"PDBRS_adm3":2.516,"NEDS_adm3":13.472,"HWGEI_adm3":0.612,"UAI_adm3":0.882,"OHZRP_adm3":9.923,"IMSS_adm3":5.569,"DQCS_adm3":80.61,"coast_dist_km":195,"cross_border_score":0,"facility_access_proxy":1.14,"malaria_ecotype":"Highland-Mesoendemic"}},{"type":"Feature","geometry":{"type":"Point","coordinates":[33.55,-18.3]},"properties":{"adm3_id":"MA-BAR-135","province":"Manica","district":"Barue","post_name":"Barue Sede","pop_2017":115000,"area_km2":850,"urban_class":"rural","pop_density":135.3,"HSSI":2.51,"ETI":0.819,"MMPG":2.768,"TECI":6.41,"GHAD":16.56,"CHCG":5.5,"CHVI":3.51,"HSER":5.21,"HCCR":43.95,"HEG":0.393,"RFHN":0.05,"SDCFR":1.18,"DDHRI":0.08,"PDBRS":2,"NEDS":9.504,"HWGEI":0.54,"UAI":0.72,"OHZRP":9.25,"IMSS":5.984,"DQCS":60,"HSSI_adm3":2.68,"ETI_adm3":1,"MMPG_adm3":3.545,"TECI_adm3":9.413,"GHAD_adm3":17.258,"CHCG_adm3":7.343,"CHVI_adm3":4.211,"HSER_adm3":6.164,"HCCR_adm3":50.647,"HEG_adm3":0.478,"RFHN_adm3":0.067,"SDCFR_adm3":1.481,"DDHRI_adm3":0.099,"PDBRS_adm3":2.502,"NEDS_adm3":12.617,"HWGEI_adm3":0.669,"UAI_adm3":0.774,"OHZRP_adm3":5.659,"IMSS_adm3":6.874,"DQCS_adm3":76.739,"coast_dist_km":166,"cross_border_score":0,"facility_access_proxy":1.14,"malaria_ecotype":"Highland-Mesoendemic"}},{"type":"Feature","geometry":{"type":"Point","coordinates":[33.78,-18.08]},"properties":{"adm3_id":"MA-BAR-136","province":"Manica","district":"Barue","post_name":"Catandica","pop_2017":42000,"area_km2":720,"urban_class":"rural","pop_density":58.3,"HSSI":2.51,"ETI":0.819,"MMPG":2.768,"TECI":6.41,"GHAD":16.56,"CHCG":5.5,"CHVI":3.51,"HSER":5.21,"HCCR":43.95,"HEG":0.393,"RFHN":0.05,"SDCFR":1.18,"DDHRI":0.08,"PDBRS":2,"NEDS":9.504,"HWGEI":0.54,"UAI":0.72,"OHZRP":9.25,"IMSS":5.984,"DQCS":60,"HSSI_adm3":2.821,"ETI_adm3":1,"MMPG_adm3":3.399,"TECI_adm3":8.415,"GHAD_adm3":21.602,"CHCG_adm3":6.949,"CHVI_adm3":4.278,"HSER_adm3":6.023,"HCCR_adm3":57.907,"HEG_adm3":0.474,"RFHN_adm3":0.063,"SDCFR_adm3":1.462,"DDHRI_adm3":0.106,"PDBRS_adm3":2.49,"NEDS_adm3":13.752,"HWGEI_adm3":0.731,"UAI_adm3":0.867,"OHZRP_adm3":8.848,"IMSS_adm3":7.596,"DQCS_adm3":76.234,"coast_dist_km":146,"cross_border_score":0,"facility_access_proxy":1.14,"malaria_ecotype":"Highland-Mesoendemic"}},{"type":"Feature","geometry":{"type":"Point","coordinates":[33.07,-20.17]},"properties":{"adm3_id":"MA-MOS-137","province":"Manica","district":"Mossurize","post_name":"Mossurize Sede","pop_2017":98000,"area_km2":850,"urban_class":"rural","pop_density":115.3,"HSSI":2.51,"ETI":0.819,"MMPG":2.768,"TECI":6.41,"GHAD":16.56,"CHCG":5.5,"CHVI":3.51,"HSER":5.21,"HCCR":43.95,"HEG":0.393,"RFHN":0.05,"SDCFR":1.18,"DDHRI":0.08,"PDBRS":2,"NEDS":9.504,"HWGEI":0.54,"UAI":0.72,"OHZRP":9.25,"IMSS":5.984,"DQCS":60,"HSSI_adm3":3.235,"ETI_adm3":0.851,"MMPG_adm3":3.373,"TECI_adm3":7.723,"GHAD_adm3":21.654,"CHCG_adm3":6.876,"CHVI_adm3":4.225,"HSER_adm3":6.111,"HCCR_adm3":51.702,"HEG_adm3":0.497,"RFHN_adm3":0.069,"SDCFR_adm3":1.434,"DDHRI_adm3":0.108,"PDBRS_adm3":2.402,"NEDS_adm3":11.812,"HWGEI_adm3":0.606,"UAI_adm3":0.927,"OHZRP_adm3":7.294,"IMSS_adm3":7.408,"DQCS_adm3":78.304,"coast_dist_km":207,"cross_border_score":7,"facility_access_proxy":1.14,"malaria_ecotype":"Lowland-Seasonal"}},{"type":"Feature","geometry":{"type":"Point","coordinates":[33.49,-20.8]},"properties":{"adm3_id":"MA-MAC-138","province":"Manica","district":"Machaze","post_name":"Machaze Sede","pop_2017":65000,"area_km2":920,"urban_class":"rural","pop_density":70.7,"HSSI":2.51,"ETI":0.819,"MMPG":2.768,"TECI":6.41,"GHAD":16.56,"CHCG":5.5,"CHVI":3.51,"HSER":5.21,"HCCR":43.95,"HEG":0.393,"RFHN":0.05,"SDCFR":1.18,"DDHRI":0.08,"PDBRS":2,"NEDS":9.504,"HWGEI":0.54,"UAI":0.72,"OHZRP":9.25,"IMSS":5.984,"DQCS":60,"HSSI_adm3":3.398,"ETI_adm3":1,"MMPG_adm3":3.406,"TECI_adm3":7.317,"GHAD_adm3":18.378,"CHCG_adm3":7.862,"CHVI_adm3":4.783,"HSER_adm3":6.242,"HCCR_adm3":64.844,"HEG_adm3":0.588,"RFHN_adm3":0.07,"SDCFR_adm3":1.595,"DDHRI_adm3":0.116,"PDBRS_adm3":2.424,"NEDS_adm3":14.63,"HWGEI_adm3":0.664,"UAI_adm3":0.956,"OHZRP_adm3":8.118,"IMSS_adm3":7.774,"DQCS_adm3":83.287,"coast_dist_km":171,"cross_border_score":7,"facility_access_proxy":1.14,"malaria_ecotype":"Lowland-Seasonal"}},{"type":"Feature","geometry":{"type":"Point","coordinates":[34.07,-18.85]},"properties":{"adm3_id":"MA-GUR-139","province":"Manica","district":"Guro","post_name":"Guro Sede","pop_2017":58000,"area_km2":880,"urban_class":"rural","pop_density":65.9,"HSSI":2.51,"ETI":0.819,"MMPG":2.768,"TECI":6.41,"GHAD":16.56,"CHCG":5.5,"CHVI":3.51,"HSER":5.21,"HCCR":43.95,"HEG":0.393,"RFHN":0.05,"SDCFR":1.18,"DDHRI":0.08,"PDBRS":2,"NEDS":9.504,"HWGEI":0.54,"UAI":0.72,"OHZRP":9.25,"IMSS":5.984,"DQCS":60,"HSSI_adm3":3.759,"ETI_adm3":1,"MMPG_adm3":3.53,"TECI_adm3":8.021,"GHAD_adm3":19.278,"CHCG_adm3":5.233,"CHVI_adm3":3.64,"HSER_adm3":6.016,"HCCR_adm3":53.346,"HEG_adm3":0.415,"RFHN_adm3":0.071,"SDCFR_adm3":1.243,"DDHRI_adm3":0.101,"PDBRS_adm3":2.752,"NEDS_adm3":11.322,"HWGEI_adm3":0.73,"UAI_adm3":0.852,"OHZRP_adm3":5.369,"IMSS_adm3":7.675,"DQCS_adm3":75.822,"coast_dist_km":122,"cross_border_score":0,"facility_access_proxy":1.14,"malaria_ecotype":"Lowland-Holoendemic"}},{"type":"Feature","geometry":{"type":"Point","coordinates":[34.28,-18.46]},"properties":{"adm3_id":"MA-MAC-140","province":"Manica","district":"Macossa","post_name":"Macossa Sede","pop_2017":35000,"area_km2":950,"urban_class":"rural","pop_density":36.8,"HSSI":2.51,"ETI":0.819,"MMPG":2.768,"TECI":6.41,"GHAD":16.56,"CHCG":5.5,"CHVI":3.51,"HSER":5.21,"HCCR":43.95,"HEG":0.393,"RFHN":0.05,"SDCFR":1.18,"DDHRI":0.08,"PDBRS":2,"NEDS":9.504,"HWGEI":0.54,"UAI":0.72,"OHZRP":9.25,"IMSS":5.984,"DQCS":60,"HSSI_adm3":4.044,"ETI_adm3":1,"MMPG_adm3":3.115,"TECI_adm3":7.779,"GHAD_adm3":23.437,"CHCG_adm3":5.925,"CHVI_adm3":4.759,"HSER_adm3":6.582,"HCCR_adm3":55.191,"HEG_adm3":0.535,"RFHN_adm3":0.057,"SDCFR_adm3":1.397,"DDHRI_adm3":0.123,"PDBRS_adm3":2.482,"NEDS_adm3":10.998,"HWGEI_adm3":0.653,"UAI_adm3":0.971,"OHZRP_adm3":8.859,"IMSS_adm3":7.258,"DQCS_adm3":74.456,"coast_dist_km":104,"cross_border_score":0,"facility_access_proxy":1.14,"malaria_ecotype":"Lowland-Holoendemic"}},{"type":"Feature","geometry":{"type":"Point","coordinates":[33.74,-17.82]},"properties":{"adm3_id":"MA-TAM-141","province":"Manica","district":"Tambara","post_name":"Tambara Sede","pop_2017":42000,"area_km2":880,"urban_class":"rural","pop_density":47.7,"HSSI":2.51,"ETI":0.819,"MMPG":2.768,"TECI":6.41,"GHAD":16.56,"CHCG":5.5,"CHVI":3.51,"HSER":5.21,"HCCR":43.95,"HEG":0.393,"RFHN":0.05,"SDCFR":1.18,"DDHRI":0.08,"PDBRS":2,"NEDS":9.504,"HWGEI":0.54,"UAI":0.72,"OHZRP":9.25,"IMSS":5.984,"DQCS":60,"HSSI_adm3":3.266,"ETI_adm3":1,"MMPG_adm3":3.702,"TECI_adm3":7.222,"GHAD_adm3":19.733,"CHCG_adm3":6.08,"CHVI_adm3":4.224,"HSER_adm3":6.824,"HCCR_adm3":50.37,"HEG_adm3":0.383,"RFHN_adm3":0.092,"SDCFR_adm3":1.579,"DDHRI_adm3":0.105,"PDBRS_adm3":2.366,"NEDS_adm3":10.488,"HWGEI_adm3":0.644,"UAI_adm3":0.798,"OHZRP_adm3":8.096,"IMSS_adm3":7.096,"DQCS_adm3":82.257,"coast_dist_km":150,"cross_border_score":0,"facility_access_proxy":1.14,"malaria_ecotype":"Highland-Mesoendemic"}},{"type":"Feature","geometry":{"type":"Point","coordinates":[34.84,-19.84]},"properties":{"adm3_id":"SO-BEI-142","province":"Sofala","district":"Beira","post_name":"Beira Sede","pop_2017":560000,"area_km2":180,"urban_class":"urban","pop_density":3111.1,"HSSI":2,"ETI":0.772,"MMPG":2.923,"TECI":7.97,"GHAD":10.54,"CHCG":1.5,"CHVI":7.08,"HSER":4.93,"HCCR":52.25,"HEG":0.33,"RFHN":0.059,"SDCFR":1.12,"DDHRI":0.15,"PDBRS":1,"NEDS":8.684,"HWGEI":0.56,"UAI":1.19,"OHZRP":3.15,"IMSS":4.676,"DQCS":62,"HSSI_adm3":1.353,"ETI_adm3":0.47,"MMPG_adm3":2.577,"TECI_adm3":8.356,"GHAD_adm3":11.291,"CHCG_adm3":1.131,"CHVI_adm3":5.988,"HSER_adm3":3.302,"HCCR_adm3":48.949,"HEG_adm3":0.275,"RFHN_adm3":0.051,"SDCFR_adm3":0.807,"DDHRI_adm3":0.134,"PDBRS_adm3":1,"NEDS_adm3":9.4,"HWGEI_adm3":0.512,"UAI_adm3":0.821,"OHZRP_adm3":3.765,"IMSS_adm3":3.601,"DQCS_adm3":54.409,"coast_dist_km":56,"cross_border_score":0,"facility_access_proxy":5.25,"malaria_ecotype":"Lowland-Holoendemic"}},{"type":"Feature","geometry":{"type":"Point","coordinates":[34.78,-19.78]},"properties":{"adm3_id":"SO-BEI-143","province":"Sofala","district":"Beira","post_name":"Munhava","pop_2017":85000,"area_km2":120,"urban_class":"urban","pop_density":708.3,"HSSI":2,"ETI":0.772,"MMPG":2.923,"TECI":7.97,"GHAD":10.54,"CHCG":1.5,"CHVI":7.08,"HSER":4.93,"HCCR":52.25,"HEG":0.33,"RFHN":0.059,"SDCFR":1.12,"DDHRI":0.15,"PDBRS":1,"NEDS":8.684,"HWGEI":0.56,"UAI":1.19,"OHZRP":3.15,"IMSS":4.676,"DQCS":62,"HSSI_adm3":1.067,"ETI_adm3":0.575,"MMPG_adm3":2.477,"TECI_adm3":8.101,"GHAD_adm3":8.43,"CHCG_adm3":1.152,"CHVI_adm3":4.695,"HSER_adm3":3.954,"HCCR_adm3":46.491,"HEG_adm3":0.342,"RFHN_adm3":0.02,"SDCFR_adm3":0.664,"DDHRI_adm3":0.102,"PDBRS_adm3":1,"NEDS_adm3":7.809,"HWGEI_adm3":0.431,"UAI_adm3":1.027,"OHZRP_adm3":4.03,"IMSS_adm3":4.397,"DQCS_adm3":48.005,"coast_dist_km":61,"cross_border_score":0,"facility_access_proxy":5.25,"malaria_ecotype":"Lowland-Holoendemic"}},{"type":"Feature","geometry":{"type":"Point","coordinates":[34.27,-19.54]},"properties":{"adm3_id":"SO-NHA-144","province":"Sofala","district":"Nhamatanda","post_name":"Nhamatanda Sede","pop_2017":175000,"area_km2":680,"urban_class":"peri-urban","pop_density":257.4,"HSSI":2,"ETI":0.772,"MMPG":2.923,"TECI":7.97,"GHAD":10.54,"CHCG":1.5,"CHVI":7.08,"HSER":4.93,"HCCR":52.25,"HEG":0.33,"RFHN":0.059,"SDCFR":1.12,"DDHRI":0.15,"PDBRS":1,"NEDS":8.684,"HWGEI":0.56,"UAI":1.19,"OHZRP":3.15,"IMSS":4.676,"DQCS":62,"HSSI_adm3":2.067,"ETI_adm3":0.814,"MMPG_adm3":3.124,"TECI_adm3":9.068,"GHAD_adm3":11.06,"CHCG_adm3":1.214,"CHVI_adm3":8.222,"HSER_adm3":4.841,"HCCR_adm3":53.494,"HEG_adm3":0.354,"RFHN_adm3":0.044,"SDCFR_adm3":1.217,"DDHRI_adm3":0.197,"PDBRS_adm3":1.061,"NEDS_adm3":8.332,"HWGEI_adm3":0.621,"UAI_adm3":1.366,"OHZRP_adm3":2.853,"IMSS_adm3":4.258,"DQCS_adm3":62.026,"coast_dist_km":105,"cross_border_score":0,"facility_access_proxy":2.73,"malaria_ecotype":"Lowland-Holoendemic"}},{"type":"Feature","geometry":{"type":"Point","coordinates":[34.08,-19.72]},"properties":{"adm3_id":"SO-NHA-145","province":"Sofala","district":"Nhamatanda","post_name":"Muda","pop_2017":58000,"area_km2":580,"urban_class":"rural","pop_density":100,"HSSI":2,"ETI":0.772,"MMPG":2.923,"TECI":7.97,"GHAD":10.54,"CHCG":1.5,"CHVI":7.08,"HSER":4.93,"HCCR":52.25,"HEG":0.33,"RFHN":0.059,"SDCFR":1.12,"DDHRI":0.15,"PDBRS":1,"NEDS":8.684,"HWGEI":0.56,"UAI":1.19,"OHZRP":3.15,"IMSS":4.676,"DQCS":62,"HSSI_adm3":2.297,"ETI_adm3":0.852,"MMPG_adm3":3.761,"TECI_adm3":9.073,"GHAD_adm3":15.236,"CHCG_adm3":1.688,"CHVI_adm3":9.921,"HSER_adm3":6.301,"HCCR_adm3":59.669,"HEG_adm3":0.421,"RFHN_adm3":0.048,"SDCFR_adm3":1.562,"DDHRI_adm3":0.198,"PDBRS_adm3":1.3,"NEDS_adm3":12.169,"HWGEI_adm3":0.724,"UAI_adm3":1.539,"OHZRP_adm3":2.232,"IMSS_adm3":5.809,"DQCS_adm3":78.471,"coast_dist_km":121,"cross_border_score":0,"facility_access_proxy":1.26,"malaria_ecotype":"Lowland-Holoendemic"}},{"type":"Feature","geometry":{"type":"Point","coordinates":[34.74,-19.61]},"properties":{"adm3_id":"SO-DON-146","province":"Sofala","district":"Dondo","post_name":"Dondo Sede","pop_2017":148000,"area_km2":420,"urban_class":"peri-urban","pop_density":352.4,"HSSI":2,"ETI":0.772,"MMPG":2.923,"TECI":7.97,"GHAD":10.54,"CHCG":1.5,"CHVI":7.08,"HSER":4.93,"HCCR":52.25,"HEG":0.33,"RFHN":0.059,"SDCFR":1.12,"DDHRI":0.15,"PDBRS":1,"NEDS":8.684,"HWGEI":0.56,"UAI":1.19,"OHZRP":3.15,"IMSS":4.676,"DQCS":62,"HSSI_adm3":1.896,"ETI_adm3":0.878,"MMPG_adm3":3.657,"TECI_adm3":8.796,"GHAD_adm3":10.707,"CHCG_adm3":1.336,"CHVI_adm3":7.905,"HSER_adm3":4.925,"HCCR_adm3":53.133,"HEG_adm3":0.302,"RFHN_adm3":0.059,"SDCFR_adm3":1.114,"DDHRI_adm3":0.166,"PDBRS_adm3":1,"NEDS_adm3":9.408,"HWGEI_adm3":0.541,"UAI_adm3":1.186,"OHZRP_adm3":2.97,"IMSS_adm3":4.781,"DQCS_adm3":63.798,"coast_dist_km":65,"cross_border_score":0,"facility_access_proxy":2.73,"malaria_ecotype":"Lowland-Holoendemic"}},{"type":"Feature","geometry":{"type":"Point","coordinates":[34.76,-20.38]},"properties":{"adm3_id":"SO-BUZ-147","province":"Sofala","district":"Buzi","post_name":"Buzi Sede","pop_2017":115000,"area_km2":720,"urban_class":"rural","pop_density":159.7,"HSSI":2,"ETI":0.772,"MMPG":2.923,"TECI":7.97,"GHAD":10.54,"CHCG":1.5,"CHVI":7.08,"HSER":4.93,"HCCR":52.25,"HEG":0.33,"RFHN":0.059,"SDCFR":1.12,"DDHRI":0.15,"PDBRS":1,"NEDS":8.684,"HWGEI":0.56,"UAI":1.19,"OHZRP":3.15,"IMSS":4.676,"DQCS":62,"HSSI_adm3":2.347,"ETI_adm3":0.991,"MMPG_adm3":3.622,"TECI_adm3":10,"GHAD_adm3":11.897,"CHCG_adm3":2.342,"CHVI_adm3":7.548,"HSER_adm3":5.575,"HCCR_adm3":60.614,"HEG_adm3":0.414,"RFHN_adm3":0.072,"SDCFR_adm3":1.117,"DDHRI_adm3":0.152,"PDBRS_adm3":1.302,"NEDS_adm3":12.924,"HWGEI_adm3":0.726,"UAI_adm3":1.257,"OHZRP_adm3":1.738,"IMSS_adm3":6.736,"DQCS_adm3":70.758,"coast_dist_km":63,"cross_border_score":0,"facility_access_proxy":1.26,"malaria_ecotype":"Coastal-Seasonal"}},{"type":"Feature","geometry":{"type":"Point","coordinates":[34.14,-20.38]},"properties":{"adm3_id":"SO-CHI-148","province":"Sofala","district":"Chibabava","post_name":"Chibabava Sede","pop_2017":78000,"area_km2":780,"urban_class":"rural","pop_density":100,"HSSI":2,"ETI":0.772,"MMPG":2.923,"TECI":7.97,"GHAD":10.54,"CHCG":1.5,"CHVI":7.08,"HSER":4.93,"HCCR":52.25,"HEG":0.33,"RFHN":0.059,"SDCFR":1.12,"DDHRI":0.15,"PDBRS":1,"NEDS":8.684,"HWGEI":0.56,"UAI":1.19,"OHZRP":3.15,"IMSS":4.676,"DQCS":62,"HSSI_adm3":2.465,"ETI_adm3":1,"MMPG_adm3":3.543,"TECI_adm3":10,"GHAD_adm3":13.035,"CHCG_adm3":2.217,"CHVI_adm3":9.563,"HSER_adm3":5.652,"HCCR_adm3":71.44,"HEG_adm3":0.4,"RFHN_adm3":0.067,"SDCFR_adm3":1.502,"DDHRI_adm3":0.169,"PDBRS_adm3":1.192,"NEDS_adm3":9.227,"HWGEI_adm3":0.718,"UAI_adm3":1.275,"OHZRP_adm3":2.791,"IMSS_adm3":5.673,"DQCS_adm3":69.834,"coast_dist_km":116,"cross_border_score":0,"facility_access_proxy":1.26,"malaria_ecotype":"Coastal-Seasonal"}},{"type":"Feature","geometry":{"type":"Point","coordinates":[35.22,-20.38]},"properties":{"adm3_id":"SO-MAC-149","province":"Sofala","district":"Machanga","post_name":"Machanga Sede","pop_2017":42000,"area_km2":650,"urban_class":"rural","pop_density":64.6,"HSSI":2,"ETI":0.772,"MMPG":2.923,"TECI":7.97,"GHAD":10.54,"CHCG":1.5,"CHVI":7.08,"HSER":4.93,"HCCR":52.25,"HEG":0.33,"RFHN":0.059,"SDCFR":1.12,"DDHRI":0.15,"PDBRS":1,"NEDS":8.684,"HWGEI":0.56,"UAI":1.19,"OHZRP":3.15,"IMSS":4.676,"DQCS":62,"HSSI_adm3":2.766,"ETI_adm3":0.924,"MMPG_adm3":3.382,"TECI_adm3":10,"GHAD_adm3":13.13,"CHCG_adm3":1.797,"CHVI_adm3":9.198,"HSER_adm3":6.174,"HCCR_adm3":68.703,"HEG_adm3":0.374,"RFHN_adm3":0.103,"SDCFR_adm3":1.16,"DDHRI_adm3":0.215,"PDBRS_adm3":1.227,"NEDS_adm3":10.576,"HWGEI_adm3":0.756,"UAI_adm3":1.501,"OHZRP_adm3":2.919,"IMSS_adm3":6.393,"DQCS_adm3":73.09,"coast_dist_km":24,"cross_border_score":0,"facility_access_proxy":1.26,"malaria_ecotype":"Coastal-Seasonal"}},{"type":"Feature","geometry":{"type":"Point","coordinates":[34.83,-18.74]},"properties":{"adm3_id":"SO-CHE-150","province":"Sofala","district":"Cheringoma","post_name":"Cheringoma Sede","pop_2017":52000,"area_km2":1200,"urban_class":"rural","pop_density":43.3,"HSSI":2,"ETI":0.772,"MMPG":2.923,"TECI":7.97,"GHAD":10.54,"CHCG":1.5,"CHVI":7.08,"HSER":4.93,"HCCR":52.25,"HEG":0.33,"RFHN":0.059,"SDCFR":1.12,"DDHRI":0.15,"PDBRS":1,"NEDS":8.684,"HWGEI":0.56,"UAI":1.19,"OHZRP":3.15,"IMSS":4.676,"DQCS":62,"HSSI_adm3":2.539,"ETI_adm3":1,"MMPG_adm3":3.281,"TECI_adm3":10,"GHAD_adm3":11.435,"CHCG_adm3":1.806,"CHVI_adm3":7.47,"HSER_adm3":6.579,"HCCR_adm3":65.712,"HEG_adm3":0.398,"RFHN_adm3":0.082,"SDCFR_adm3":1.445,"DDHRI_adm3":0.194,"PDBRS_adm3":1.337,"NEDS_adm3":10.368,"HWGEI_adm3":0.67,"UAI_adm3":1.45,"OHZRP_adm3":2.185,"IMSS_adm3":6.549,"DQCS_adm3":72.705,"coast_dist_km":57,"cross_border_score":0,"facility_access_proxy":1.26,"malaria_ecotype":"Lowland-Holoendemic"}},{"type":"Feature","geometry":{"type":"Point","coordinates":[35.93,-18.3]},"properties":{"adm3_id":"SO-MAR-151","province":"Sofala","district":"Marromeu","post_name":"Marromeu Sede","pop_2017":82000,"area_km2":820,"urban_class":"rural","pop_density":100,"HSSI":2,"ETI":0.772,"MMPG":2.923,"TECI":7.97,"GHAD":10.54,"CHCG":1.5,"CHVI":7.08,"HSER":4.93,"HCCR":52.25,"HEG":0.33,"RFHN":0.059,"SDCFR":1.12,"DDHRI":0.15,"PDBRS":1,"NEDS":8.684,"HWGEI":0.56,"UAI":1.19,"OHZRP":3.15,"IMSS":4.676,"DQCS":62,"HSSI_adm3":2.46,"ETI_adm3":1,"MMPG_adm3":3.205,"TECI_adm3":10,"GHAD_adm3":12.849,"CHCG_adm3":1.657,"CHVI_adm3":8.829,"HSER_adm3":5.267,"HCCR_adm3":55.104,"HEG_adm3":0.422,"RFHN_adm3":0.084,"SDCFR_adm3":1.272,"DDHRI_adm3":0.145,"PDBRS_adm3":1.329,"NEDS_adm3":8.779,"HWGEI_adm3":0.702,"UAI_adm3":1.371,"OHZRP_adm3":2.592,"IMSS_adm3":5.809,"DQCS_adm3":74.3,"coast_dist_km":37,"cross_border_score":0,"facility_access_proxy":1.26,"malaria_ecotype":"Lowland-Holoendemic"}},{"type":"Feature","geometry":{"type":"Point","coordinates":[34.24,-18.56]},"properties":{"adm3_id":"SO-MUA-152","province":"Sofala","district":"Muanza","post_name":"Muanza Sede","pop_2017":48000,"area_km2":950,"urban_class":"rural","pop_density":50.5,"HSSI":2,"ETI":0.772,"MMPG":2.923,"TECI":7.97,"GHAD":10.54,"CHCG":1.5,"CHVI":7.08,"HSER":4.93,"HCCR":52.25,"HEG":0.33,"RFHN":0.059,"SDCFR":1.12,"DDHRI":0.15,"PDBRS":1,"NEDS":8.684,"HWGEI":0.56,"UAI":1.19,"OHZRP":3.15,"IMSS":4.676,"DQCS":62,"HSSI_adm3":2.241,"ETI_adm3":0.982,"MMPG_adm3":3.333,"TECI_adm3":10,"GHAD_adm3":12.229,"CHCG_adm3":1.512,"CHVI_adm3":9.163,"HSER_adm3":6.302,"HCCR_adm3":61.192,"HEG_adm3":0.374,"RFHN_adm3":0.06,"SDCFR_adm3":1.233,"DDHRI_adm3":0.21,"PDBRS_adm3":1.162,"NEDS_adm3":11.971,"HWGEI_adm3":0.697,"UAI_adm3":1.494,"OHZRP_adm3":2.354,"IMSS_adm3":5.725,"DQCS_adm3":80.655,"coast_dist_km":107,"cross_border_score":0,"facility_access_proxy":1.26,"malaria_ecotype":"Lowland-Holoendemic"}},{"type":"Feature","geometry":{"type":"Point","coordinates":[34.04,-18.69]},"properties":{"adm3_id":"SO-GOR-153","province":"Sofala","district":"Gorongosa","post_name":"Gorongosa Sede","pop_2017":88000,"area_km2":880,"urban_class":"rural","pop_density":100,"HSSI":2,"ETI":0.772,"MMPG":2.923,"TECI":7.97,"GHAD":10.54,"CHCG":1.5,"CHVI":7.08,"HSER":4.93,"HCCR":52.25,"HEG":0.33,"RFHN":0.059,"SDCFR":1.12,"DDHRI":0.15,"PDBRS":1,"NEDS":8.684,"HWGEI":0.56,"UAI":1.19,"OHZRP":3.15,"IMSS":4.676,"DQCS":62,"HSSI_adm3":2.081,"ETI_adm3":0.982,"MMPG_adm3":3.628,"TECI_adm3":10,"GHAD_adm3":14.353,"CHCG_adm3":1.853,"CHVI_adm3":9.328,"HSER_adm3":6.644,"HCCR_adm3":68.194,"HEG_adm3":0.373,"RFHN_adm3":0.059,"SDCFR_adm3":1.336,"DDHRI_adm3":0.176,"PDBRS_adm3":1.173,"NEDS_adm3":10.571,"HWGEI_adm3":0.739,"UAI_adm3":1.5,"OHZRP_adm3":2.584,"IMSS_adm3":5.657,"DQCS_adm3":76.66,"coast_dist_km":124,"cross_border_score":0,"facility_access_proxy":1.26,"malaria_ecotype":"Lowland-Holoendemic"}},{"type":"Feature","geometry":{"type":"Point","coordinates":[35.34,-17.88]},"properties":{"adm3_id":"SO-CAI-154","province":"Sofala","district":"Caia","post_name":"Caia Sede","pop_2017":68000,"area_km2":680,"urban_class":"rural","pop_density":100,"HSSI":2,"ETI":0.772,"MMPG":2.923,"TECI":7.97,"GHAD":10.54,"CHCG":1.5,"CHVI":7.08,"HSER":4.93,"HCCR":52.25,"HEG":0.33,"RFHN":0.059,"SDCFR":1.12,"DDHRI":0.15,"PDBRS":1,"NEDS":8.684,"HWGEI":0.56,"UAI":1.19,"OHZRP":3.15,"IMSS":4.676,"DQCS":62,"HSSI_adm3":2.378,"ETI_adm3":0.984,"MMPG_adm3":3.774,"TECI_adm3":8.239,"GHAD_adm3":13.219,"CHCG_adm3":1.685,"CHVI_adm3":9.002,"HSER_adm3":6.101,"HCCR_adm3":70.394,"HEG_adm3":0.345,"RFHN_adm3":0.074,"SDCFR_adm3":1.374,"DDHRI_adm3":0.219,"PDBRS_adm3":1.26,"NEDS_adm3":11.633,"HWGEI_adm3":0.644,"UAI_adm3":1.587,"OHZRP_adm3":2.214,"IMSS_adm3":5.699,"DQCS_adm3":78.476,"coast_dist_km":14,"cross_border_score":0,"facility_access_proxy":1.26,"malaria_ecotype":"Lowland-Holoendemic"}},{"type":"Feature","geometry":{"type":"Point","coordinates":[34.88,-17.17]},"properties":{"adm3_id":"SO-CHE-155","province":"Sofala","district":"Chemba","post_name":"Chemba Sede","pop_2017":52000,"area_km2":820,"urban_class":"rural","pop_density":63.4,"HSSI":2,"ETI":0.772,"MMPG":2.923,"TECI":7.97,"GHAD":10.54,"CHCG":1.5,"CHVI":7.08,"HSER":4.93,"HCCR":52.25,"HEG":0.33,"RFHN":0.059,"SDCFR":1.12,"DDHRI":0.15,"PDBRS":1,"NEDS":8.684,"HWGEI":0.56,"UAI":1.19,"OHZRP":3.15,"IMSS":4.676,"DQCS":62,"HSSI_adm3":2.487,"ETI_adm3":0.903,"MMPG_adm3":3.672,"TECI_adm3":10,"GHAD_adm3":12.814,"CHCG_adm3":1.859,"CHVI_adm3":9.1,"HSER_adm3":6.385,"HCCR_adm3":69.96,"HEG_adm3":0.432,"RFHN_adm3":0.076,"SDCFR_adm3":1.307,"DDHRI_adm3":0.186,"PDBRS_adm3":1.405,"NEDS_adm3":13.338,"HWGEI_adm3":0.756,"UAI_adm3":1.502,"OHZRP_adm3":2.114,"IMSS_adm3":6.333,"DQCS_adm3":71.415,"coast_dist_km":53,"cross_border_score":0,"facility_access_proxy":1.26,"malaria_ecotype":"Lowland-Holoendemic"}},{"type":"Feature","geometry":{"type":"Point","coordinates":[34.58,-18.05]},"properties":{"adm3_id":"SO-MAR-156","province":"Sofala","district":"Maringue","post_name":"Maringue Sede","pop_2017":42000,"area_km2":850,"urban_class":"rural","pop_density":49.4,"HSSI":2,"ETI":0.772,"MMPG":2.923,"TECI":7.97,"GHAD":10.54,"CHCG":1.5,"CHVI":7.08,"HSER":4.93,"HCCR":52.25,"HEG":0.33,"RFHN":0.059,"SDCFR":1.12,"DDHRI":0.15,"PDBRS":1,"NEDS":8.684,"HWGEI":0.56,"UAI":1.19,"OHZRP":3.15,"IMSS":4.676,"DQCS":62,"HSSI_adm3":2.942,"ETI_adm3":0.954,"MMPG_adm3":3.378,"TECI_adm3":9.425,"GHAD_adm3":13.04,"CHCG_adm3":1.571,"CHVI_adm3":10,"HSER_adm3":5.878,"HCCR_adm3":58.642,"HEG_adm3":0.44,"RFHN_adm3":0.046,"SDCFR_adm3":1.485,"DDHRI_adm3":0.192,"PDBRS_adm3":1.078,"NEDS_adm3":10.483,"HWGEI_adm3":0.726,"UAI_adm3":1.617,"OHZRP_adm3":2.865,"IMSS_adm3":5.977,"DQCS_adm3":75.206,"coast_dist_km":78,"cross_border_score":0,"facility_access_proxy":1.26,"malaria_ecotype":"Lowland-Holoendemic"}},{"type":"Feature","geometry":{"type":"Point","coordinates":[35.38,-23.86]},"properties":{"adm3_id":"IH-INH-157","province":"Inhambane","district":"Inhambane","post_name":"Inhambane Sede","pop_2017":92000,"area_km2":280,"urban_class":"urban","pop_density":328.6,"HSSI":2.27,"ETI":0.743,"MMPG":2.258,"TECI":4.35,"GHAD":9.37,"CHCG":-11.5,"CHVI":4.44,"HSER":5.42,"HCCR":48.68,"HEG":0.253,"RFHN":0.079,"SDCFR":1.09,"DDHRI":0.13,"PDBRS":9,"NEDS":10.176,"HWGEI":0.57,"UAI":0.9299999999999999,"OHZRP":3.13,"IMSS":3.18,"DQCS":65,"HSSI_adm3":1.853,"ETI_adm3":0.584,"MMPG_adm3":2.059,"TECI_adm3":2.799,"GHAD_adm3":7.749,"CHCG_adm3":-10.259,"CHVI_adm3":4.217,"HSER_adm3":4.283,"HCCR_adm3":40.121,"HEG_adm3":0.212,"RFHN_adm3":0.06,"SDCFR_adm3":0.809,"DDHRI_adm3":0.128,"PDBRS_adm3":7.403,"NEDS_adm3":7.622,"HWGEI_adm3":0.383,"UAI_adm3":0.745,"OHZRP_adm3":3.731,"IMSS_adm3":2.636,"DQCS_adm3":55.06,"coast_dist_km":10,"cross_border_score":0,"facility_access_proxy":5.75,"malaria_ecotype":"Coastal-Seasonal"}},{"type":"Feature","geometry":{"type":"Point","coordinates":[35.35,-23.85]},"properties":{"adm3_id":"IH-MAX-158","province":"Inhambane","district":"Maxixe","post_name":"Maxixe Sede","pop_2017":165000,"area_km2":240,"urban_class":"urban","pop_density":687.5,"HSSI":2.27,"ETI":0.743,"MMPG":2.258,"TECI":4.35,"GHAD":9.37,"CHCG":-11.5,"CHVI":4.44,"HSER":5.42,"HCCR":48.68,"HEG":0.253,"RFHN":0.079,"SDCFR":1.09,"DDHRI":0.13,"PDBRS":9,"NEDS":10.176,"HWGEI":0.57,"UAI":0.9299999999999999,"OHZRP":3.13,"IMSS":3.18,"DQCS":65,"HSSI_adm3":2.094,"ETI_adm3":0.621,"MMPG_adm3":2.014,"TECI_adm3":4.375,"GHAD_adm3":8.196,"CHCG_adm3":-8.993,"CHVI_adm3":1.996,"HSER_adm3":3.617,"HCCR_adm3":42.909,"HEG_adm3":0.241,"RFHN_adm3":0.063,"SDCFR_adm3":1.01,"DDHRI_adm3":0.086,"PDBRS_adm3":6.195,"NEDS_adm3":8.287,"HWGEI_adm3":0.523,"UAI_adm3":0.734,"OHZRP_adm3":4.536,"IMSS_adm3":2.103,"DQCS_adm3":55.1,"coast_dist_km":13,"cross_border_score":0,"facility_access_proxy":5.75,"malaria_ecotype":"Coastal-Seasonal"}},{"type":"Feature","geometry":{"type":"Point","coordinates":[35.31,-22]},"properties":{"adm3_id":"IH-VIL-159","province":"Inhambane","district":"Vilanculos","post_name":"Vilanculos Sede","pop_2017":155000,"area_km2":580,"urban_class":"peri-urban","pop_density":267.2,"HSSI":2.27,"ETI":0.743,"MMPG":2.258,"TECI":4.35,"GHAD":9.37,"CHCG":-11.5,"CHVI":4.44,"HSER":5.42,"HCCR":48.68,"HEG":0.253,"RFHN":0.079,"SDCFR":1.09,"DDHRI":0.13,"PDBRS":9,"NEDS":10.176,"HWGEI":0.57,"UAI":0.9299999999999999,"OHZRP":3.13,"IMSS":3.18,"DQCS":65,"HSSI_adm3":2.129,"ETI_adm3":0.812,"MMPG_adm3":2.213,"TECI_adm3":5.27,"GHAD_adm3":8.236,"CHCG_adm3":-10.991,"CHVI_adm3":4.268,"HSER_adm3":4.38,"HCCR_adm3":42.205,"HEG_adm3":0.257,"RFHN_adm3":0.075,"SDCFR_adm3":1.13,"DDHRI_adm3":0.11,"PDBRS_adm3":8.537,"NEDS_adm3":11.391,"HWGEI_adm3":0.694,"UAI_adm3":1.02,"OHZRP_adm3":3.148,"IMSS_adm3":2.801,"DQCS_adm3":61.225,"coast_dist_km":16,"cross_border_score":0,"facility_access_proxy":2.99,"malaria_ecotype":"Coastal-Seasonal"}},{"type":"Feature","geometry":{"type":"Point","coordinates":[35.52,-22.22]},"properties":{"adm3_id":"IH-VIL-160","province":"Inhambane","district":"Vilanculos","post_name":"Chibuene","pop_2017":42000,"area_km2":480,"urban_class":"rural","pop_density":87.5,"HSSI":2.27,"ETI":0.743,"MMPG":2.258,"TECI":4.35,"GHAD":9.37,"CHCG":-11.5,"CHVI":4.44,"HSER":5.42,"HCCR":48.68,"HEG":0.253,"RFHN":0.079,"SDCFR":1.09,"DDHRI":0.13,"PDBRS":9,"NEDS":10.176,"HWGEI":0.57,"UAI":0.9299999999999999,"OHZRP":3.13,"IMSS":3.18,"DQCS":65,"HSSI_adm3":2.503,"ETI_adm3":0.855,"MMPG_adm3":2.639,"TECI_adm3":6.161,"GHAD_adm3":10.531,"CHCG_adm3":-13.795,"CHVI_adm3":5.461,"HSER_adm3":7.193,"HCCR_adm3":60.819,"HEG_adm3":0.332,"RFHN_adm3":0.085,"SDCFR_adm3":1.264,"DDHRI_adm3":0.158,"PDBRS_adm3":10.984,"NEDS_adm3":12.022,"HWGEI_adm3":0.768,"UAI_adm3":1.08,"OHZRP_adm3":2.084,"IMSS_adm3":4.814,"DQCS_adm3":82.092,"coast_dist_km":2,"cross_border_score":0,"facility_access_proxy":1.38,"malaria_ecotype":"Coastal-Seasonal"}},{"type":"Feature","geometry":{"type":"Point","coordinates":[35.38,-23.3]},"properties":{"adm3_id":"IH-MAS-161","province":"Inhambane","district":"Massinga","post_name":"Massinga Sede","pop_2017":115000,"area_km2":680,"urban_class":"rural","pop_density":169.1,"HSSI":2.27,"ETI":0.743,"MMPG":2.258,"TECI":4.35,"GHAD":9.37,"CHCG":-11.5,"CHVI":4.44,"HSER":5.42,"HCCR":48.68,"HEG":0.253,"RFHN":0.079,"SDCFR":1.09,"DDHRI":0.13,"PDBRS":9,"NEDS":10.176,"HWGEI":0.57,"UAI":0.9299999999999999,"OHZRP":3.13,"IMSS":3.18,"DQCS":65,"HSSI_adm3":2.565,"ETI_adm3":0.92,"MMPG_adm3":2.977,"TECI_adm3":5.573,"GHAD_adm3":12.966,"CHCG_adm3":-16.21,"CHVI_adm3":4.599,"HSER_adm3":6.338,"HCCR_adm3":61.919,"HEG_adm3":0.329,"RFHN_adm3":0.09,"SDCFR_adm3":1.241,"DDHRI_adm3":0.179,"PDBRS_adm3":10.943,"NEDS_adm3":11.943,"HWGEI_adm3":0.792,"UAI_adm3":1.4,"OHZRP_adm3":2.915,"IMSS_adm3":3.905,"DQCS_adm3":90,"coast_dist_km":10,"cross_border_score":0,"facility_access_proxy":1.38,"malaria_ecotype":"Coastal-Seasonal"}},{"type":"Feature","geometry":{"type":"Point","coordinates":[35.33,-23.67]},"properties":{"adm3_id":"IH-MOR-162","province":"Inhambane","district":"Morrumbene","post_name":"Morrumbene Sede","pop_2017":88000,"area_km2":620,"urban_class":"rural","pop_density":141.9,"HSSI":2.27,"ETI":0.743,"MMPG":2.258,"TECI":4.35,"GHAD":9.37,"CHCG":-11.5,"CHVI":4.44,"HSER":5.42,"HCCR":48.68,"HEG":0.253,"RFHN":0.079,"SDCFR":1.09,"DDHRI":0.13,"PDBRS":9,"NEDS":10.176,"HWGEI":0.57,"UAI":0.9299999999999999,"OHZRP":3.13,"IMSS":3.18,"DQCS":65,"HSSI_adm3":2.633,"ETI_adm3":1,"MMPG_adm3":2.875,"TECI_adm3":6.156,"GHAD_adm3":11.245,"CHCG_adm3":-13.187,"CHVI_adm3":5.601,"HSER_adm3":6.573,"HCCR_adm3":59.676,"HEG_adm3":0.313,"RFHN_adm3":0.096,"SDCFR_adm3":1.131,"DDHRI_adm3":0.135,"PDBRS_adm3":10.86,"NEDS_adm3":14.022,"HWGEI_adm3":0.717,"UAI_adm3":1.194,"OHZRP_adm3":2.685,"IMSS_adm3":3.672,"DQCS_adm3":81.158,"coast_dist_km":14,"cross_border_score":0,"facility_access_proxy":1.38,"malaria_ecotype":"Coastal-Seasonal"}},{"type":"Feature","geometry":{"type":"Point","coordinates":[35.25,-23.82]},"properties":{"adm3_id":"IH-HOM-163","province":"Inhambane","district":"Homoine","post_name":"Homoine Sede","pop_2017":82000,"area_km2":580,"urban_class":"rural","pop_density":141.4,"HSSI":2.27,"ETI":0.743,"MMPG":2.258,"TECI":4.35,"GHAD":9.37,"CHCG":-11.5,"CHVI":4.44,"HSER":5.42,"HCCR":48.68,"HEG":0.253,"RFHN":0.079,"SDCFR":1.09,"DDHRI":0.13,"PDBRS":9,"NEDS":10.176,"HWGEI":0.57,"UAI":0.9299999999999999,"OHZRP":3.13,"IMSS":3.18,"DQCS":65,"HSSI_adm3":3.439,"ETI_adm3":0.877,"MMPG_adm3":2.416,"TECI_adm3":5.444,"GHAD_adm3":10.105,"CHCG_adm3":-15.487,"CHVI_adm3":6.228,"HSER_adm3":6.16,"HCCR_adm3":53.618,"HEG_adm3":0.295,"RFHN_adm3":0.1,"SDCFR_adm3":1.403,"DDHRI_adm3":0.128,"PDBRS_adm3":11,"NEDS_adm3":13.186,"HWGEI_adm3":0.62,"UAI_adm3":1.195,"OHZRP_adm3":2.722,"IMSS_adm3":4.535,"DQCS_adm3":77.638,"coast_dist_km":21,"cross_border_score":0,"facility_access_proxy":1.38,"malaria_ecotype":"Coastal-Seasonal"}},{"type":"Feature","geometry":{"type":"Point","coordinates":[35.17,-23.76]},"properties":{"adm3_id":"IH-JAN-164","province":"Inhambane","district":"Jangamo","post_name":"Jangamo Sede","pop_2017":55000,"area_km2":520,"urban_class":"rural","pop_density":105.8,"HSSI":2.27,"ETI":0.743,"MMPG":2.258,"TECI":4.35,"GHAD":9.37,"CHCG":-11.5,"CHVI":4.44,"HSER":5.42,"HCCR":48.68,"HEG":0.253,"RFHN":0.079,"SDCFR":1.09,"DDHRI":0.13,"PDBRS":9,"NEDS":10.176,"HWGEI":0.57,"UAI":0.9299999999999999,"OHZRP":3.13,"IMSS":3.18,"DQCS":65,"HSSI_adm3":2.606,"ETI_adm3":0.872,"MMPG_adm3":2.803,"TECI_adm3":5.545,"GHAD_adm3":12.216,"CHCG_adm3":-13.495,"CHVI_adm3":4.96,"HSER_adm3":6.15,"HCCR_adm3":59.578,"HEG_adm3":0.406,"RFHN_adm3":0.109,"SDCFR_adm3":1.313,"DDHRI_adm3":0.179,"PDBRS_adm3":10.859,"NEDS_adm3":10.203,"HWGEI_adm3":0.61,"UAI_adm3":1.207,"OHZRP_adm3":2.9,"IMSS_adm3":4.085,"DQCS_adm3":80.345,"coast_dist_km":28,"cross_border_score":0,"facility_access_proxy":1.38,"malaria_ecotype":"Coastal-Seasonal"}},{"type":"Feature","geometry":{"type":"Point","coordinates":[35.3,-24.04]},"properties":{"adm3_id":"IH-ZAV-165","province":"Inhambane","district":"Zavala","post_name":"Zavala Sede","pop_2017":78000,"area_km2":620,"urban_class":"rural","pop_density":125.8,"HSSI":2.27,"ETI":0.743,"MMPG":2.258,"TECI":4.35,"GHAD":9.37,"CHCG":-11.5,"CHVI":4.44,"HSER":5.42,"HCCR":48.68,"HEG":0.253,"RFHN":0.079,"SDCFR":1.09,"DDHRI":0.13,"PDBRS":9,"NEDS":10.176,"HWGEI":0.57,"UAI":0.9299999999999999,"OHZRP":3.13,"IMSS":3.18,"DQCS":65,"HSSI_adm3":3.074,"ETI_adm3":0.943,"MMPG_adm3":2.896,"TECI_adm3":4.856,"GHAD_adm3":12.238,"CHCG_adm3":-14.39,"CHVI_adm3":5.733,"HSER_adm3":6.698,"HCCR_adm3":59.572,"HEG_adm3":0.298,"RFHN_adm3":0.116,"SDCFR_adm3":1.028,"DDHRI_adm3":0.15,"PDBRS_adm3":10.182,"NEDS_adm3":11.211,"HWGEI_adm3":0.727,"UAI_adm3":1.321,"OHZRP_adm3":2.19,"IMSS_adm3":4.201,"DQCS_adm3":81.73,"coast_dist_km":17,"cross_border_score":0,"facility_access_proxy":1.38,"malaria_ecotype":"Coastal-Seasonal"}},{"type":"Feature","geometry":{"type":"Point","coordinates":[35,-24.48]},"properties":{"adm3_id":"IH-INH-166","province":"Inhambane","district":"Inharrime","post_name":"Inharrime Sede","pop_2017":58000,"area_km2":580,"urban_class":"rural","pop_density":100,"HSSI":2.27,"ETI":0.743,"MMPG":2.258,"TECI":4.35,"GHAD":9.37,"CHCG":-11.5,"CHVI":4.44,"HSER":5.42,"HCCR":48.68,"HEG":0.253,"RFHN":0.079,"SDCFR":1.09,"DDHRI":0.13,"PDBRS":9,"NEDS":10.176,"HWGEI":0.57,"UAI":0.9299999999999999,"OHZRP":3.13,"IMSS":3.18,"DQCS":65,"HSSI_adm3":2.583,"ETI_adm3":0.987,"MMPG_adm3":2.57,"TECI_adm3":5.649,"GHAD_adm3":9.976,"CHCG_adm3":-16.288,"CHVI_adm3":5.053,"HSER_adm3":6.451,"HCCR_adm3":60.272,"HEG_adm3":0.289,"RFHN_adm3":0.094,"SDCFR_adm3":1.287,"DDHRI_adm3":0.154,"PDBRS_adm3":11,"NEDS_adm3":14.568,"HWGEI_adm3":0.68,"UAI_adm3":1.229,"OHZRP_adm3":2.392,"IMSS_adm3":3.921,"DQCS_adm3":80.462,"coast_dist_km":42,"cross_border_score":0,"facility_access_proxy":1.38,"malaria_ecotype":"Coastal-Seasonal"}},{"type":"Feature","geometry":{"type":"Point","coordinates":[34.77,-21.26]},"properties":{"adm3_id":"IH-GOV-167","province":"Inhambane","district":"Govuro","post_name":"Govuro Sede","pop_2017":38000,"area_km2":950,"urban_class":"rural","pop_density":40,"HSSI":2.27,"ETI":0.743,"MMPG":2.258,"TECI":4.35,"GHAD":9.37,"CHCG":-11.5,"CHVI":4.44,"HSER":5.42,"HCCR":48.68,"HEG":0.253,"RFHN":0.079,"SDCFR":1.09,"DDHRI":0.13,"PDBRS":9,"NEDS":10.176,"HWGEI":0.57,"UAI":0.9299999999999999,"OHZRP":3.13,"IMSS":3.18,"DQCS":65,"HSSI_adm3":3.101,"ETI_adm3":0.93,"MMPG_adm3":2.876,"TECI_adm3":5.47,"GHAD_adm3":11.973,"CHCG_adm3":-14.815,"CHVI_adm3":5.185,"HSER_adm3":6.943,"HCCR_adm3":58.65,"HEG_adm3":0.334,"RFHN_adm3":0.091,"SDCFR_adm3":1.236,"DDHRI_adm3":0.125,"PDBRS_adm3":11,"NEDS_adm3":13.215,"HWGEI_adm3":0.662,"UAI_adm3":1.027,"OHZRP_adm3":2.375,"IMSS_adm3":3.85,"DQCS_adm3":81.087,"coast_dist_km":62,"cross_border_score":0,"facility_access_proxy":1.38,"malaria_ecotype":"Coastal-Seasonal"}},{"type":"Feature","geometry":{"type":"Point","coordinates":[35.2,-21.53]},"properties":{"adm3_id":"IH-INH-168","province":"Inhambane","district":"Inhassoro","post_name":"Inhassoro Sede","pop_2017":52000,"area_km2":720,"urban_class":"rural","pop_density":72.2,"HSSI":2.27,"ETI":0.743,"MMPG":2.258,"TECI":4.35,"GHAD":9.37,"CHCG":-11.5,"CHVI":4.44,"HSER":5.42,"HCCR":48.68,"HEG":0.253,"RFHN":0.079,"SDCFR":1.09,"DDHRI":0.13,"PDBRS":9,"NEDS":10.176,"HWGEI":0.57,"UAI":0.9299999999999999,"OHZRP":3.13,"IMSS":3.18,"DQCS":65,"HSSI_adm3":2.946,"ETI_adm3":1,"MMPG_adm3":2.414,"TECI_adm3":4.744,"GHAD_adm3":12.547,"CHCG_adm3":-13.867,"CHVI_adm3":6.352,"HSER_adm3":6.976,"HCCR_adm3":59.12,"HEG_adm3":0.326,"RFHN_adm3":0.106,"SDCFR_adm3":1.584,"DDHRI_adm3":0.149,"PDBRS_adm3":11,"NEDS_adm3":11.782,"HWGEI_adm3":0.709,"UAI_adm3":1.281,"OHZRP_adm3":1.944,"IMSS_adm3":3.909,"DQCS_adm3":73.73,"coast_dist_km":25,"cross_border_score":0,"facility_access_proxy":1.38,"malaria_ecotype":"Coastal-Seasonal"}},{"type":"Feature","geometry":{"type":"Point","coordinates":[34.41,-22.92]},"properties":{"adm3_id":"IH-FUN-169","province":"Inhambane","district":"Funhalouro","post_name":"Funhalouro Sede","pop_2017":42000,"area_km2":1100,"urban_class":"rural","pop_density":38.2,"HSSI":2.27,"ETI":0.743,"MMPG":2.258,"TECI":4.35,"GHAD":9.37,"CHCG":-11.5,"CHVI":4.44,"HSER":5.42,"HCCR":48.68,"HEG":0.253,"RFHN":0.079,"SDCFR":1.09,"DDHRI":0.13,"PDBRS":9,"NEDS":10.176,"HWGEI":0.57,"UAI":0.9299999999999999,"OHZRP":3.13,"IMSS":3.18,"DQCS":65,"HSSI_adm3":2.793,"ETI_adm3":0.988,"MMPG_adm3":3.198,"TECI_adm3":5.41,"GHAD_adm3":12.137,"CHCG_adm3":-13.523,"CHVI_adm3":5.255,"HSER_adm3":6.917,"HCCR_adm3":60.695,"HEG_adm3":0.26,"RFHN_adm3":0.109,"SDCFR_adm3":1.123,"DDHRI_adm3":0.162,"PDBRS_adm3":10.125,"NEDS_adm3":12.51,"HWGEI_adm3":0.747,"UAI_adm3":1.134,"OHZRP_adm3":2.34,"IMSS_adm3":3.434,"DQCS_adm3":76.235,"coast_dist_km":93,"cross_border_score":0,"facility_access_proxy":1.38,"malaria_ecotype":"Coastal-Seasonal"}},{"type":"Feature","geometry":{"type":"Point","coordinates":[34.73,-24.06]},"properties":{"adm3_id":"IH-PAN-170","province":"Inhambane","district":"Panda","post_name":"Panda Sede","pop_2017":38000,"area_km2":820,"urban_class":"rural","pop_density":46.3,"HSSI":2.27,"ETI":0.743,"MMPG":2.258,"TECI":4.35,"GHAD":9.37,"CHCG":-11.5,"CHVI":4.44,"HSER":5.42,"HCCR":48.68,"HEG":0.253,"RFHN":0.079,"SDCFR":1.09,"DDHRI":0.13,"PDBRS":9,"NEDS":10.176,"HWGEI":0.57,"UAI":0.9299999999999999,"OHZRP":3.13,"IMSS":3.18,"DQCS":65,"HSSI_adm3":2.826,"ETI_adm3":0.987,"MMPG_adm3":3.173,"TECI_adm3":5.395,"GHAD_adm3":12.429,"CHCG_adm3":-14.571,"CHVI_adm3":5.801,"HSER_adm3":6.881,"HCCR_adm3":62.578,"HEG_adm3":0.362,"RFHN_adm3":0.092,"SDCFR_adm3":1.16,"DDHRI_adm3":0.181,"PDBRS_adm3":11,"NEDS_adm3":12.736,"HWGEI_adm3":0.632,"UAI_adm3":1.172,"OHZRP_adm3":2.957,"IMSS_adm3":3.941,"DQCS_adm3":80.472,"coast_dist_km":65,"cross_border_score":0,"facility_access_proxy":1.38,"malaria_ecotype":"Coastal-Seasonal"}},{"type":"Feature","geometry":{"type":"Point","coordinates":[34.5,-22.05]},"properties":{"adm3_id":"IH-MAB-171","province":"Inhambane","district":"Mabote","post_name":"Mabote Sede","pop_2017":35000,"area_km2":1200,"urban_class":"rural","pop_density":29.2,"HSSI":2.27,"ETI":0.743,"MMPG":2.258,"TECI":4.35,"GHAD":9.37,"CHCG":-11.5,"CHVI":4.44,"HSER":5.42,"HCCR":48.68,"HEG":0.253,"RFHN":0.079,"SDCFR":1.09,"DDHRI":0.13,"PDBRS":9,"NEDS":10.176,"HWGEI":0.57,"UAI":0.9299999999999999,"OHZRP":3.13,"IMSS":3.18,"DQCS":65,"HSSI_adm3":2.653,"ETI_adm3":0.967,"MMPG_adm3":2.752,"TECI_adm3":6.394,"GHAD_adm3":10.119,"CHCG_adm3":-12.246,"CHVI_adm3":4.534,"HSER_adm3":7.475,"HCCR_adm3":59.661,"HEG_adm3":0.312,"RFHN_adm3":0.112,"SDCFR_adm3":1.519,"DDHRI_adm3":0.147,"PDBRS_adm3":11,"NEDS_adm3":13.626,"HWGEI_adm3":0.688,"UAI_adm3":1.055,"OHZRP_adm3":2.533,"IMSS_adm3":4.091,"DQCS_adm3":80.389,"coast_dist_km":85,"cross_border_score":0,"facility_access_proxy":1.38,"malaria_ecotype":"Coastal-Seasonal"}},{"type":"Feature","geometry":{"type":"Point","coordinates":[33.64,-25.03]},"properties":{"adm3_id":"GA-XAI-172","province":"Gaza","district":"Xai-Xai","post_name":"Xai-Xai Sede","pop_2017":220000,"area_km2":320,"urban_class":"urban","pop_density":687.5,"HSSI":2.11,"ETI":0.764,"MMPG":2.135,"TECI":4.45,"GHAD":6.84,"CHCG":-14.5,"CHVI":5.1,"HSER":5.05,"HCCR":56.83,"HEG":0.204,"RFHN":0.07,"SDCFR":1.06,"DDHRI":0.14,"PDBRS":5,"NEDS":10.792,"HWGEI":0.58,"UAI":0.96,"OHZRP":2.7,"IMSS":2.556,"DQCS":63,"HSSI_adm3":1.805,"ETI_adm3":0.777,"MMPG_adm3":1.805,"TECI_adm3":4.046,"GHAD_adm3":5.747,"CHCG_adm3":-9.837,"CHVI_adm3":5.238,"HSER_adm3":3.598,"HCCR_adm3":43.597,"HEG_adm3":0.125,"RFHN_adm3":0.071,"SDCFR_adm3":1.034,"DDHRI_adm3":0.147,"PDBRS_adm3":3.577,"NEDS_adm3":6.861,"HWGEI_adm3":0.549,"UAI_adm3":0.814,"OHZRP_adm3":2.79,"IMSS_adm3":2.631,"DQCS_adm3":47.541,"coast_dist_km":158,"cross_border_score":0,"facility_access_proxy":5.5,"malaria_ecotype":"Coastal-Seasonal"}},{"type":"Feature","geometry":{"type":"Point","coordinates":[33.82,-24.82]},"properties":{"adm3_id":"GA-XAI-173","province":"Gaza","district":"Xai-Xai","post_name":"Chilaulane","pop_2017":62000,"area_km2":480,"urban_class":"peri-urban","pop_density":129.2,"HSSI":2.11,"ETI":0.764,"MMPG":2.135,"TECI":4.45,"GHAD":6.84,"CHCG":-14.5,"CHVI":5.1,"HSER":5.05,"HCCR":56.83,"HEG":0.204,"RFHN":0.07,"SDCFR":1.06,"DDHRI":0.14,"PDBRS":5,"NEDS":10.792,"HWGEI":0.58,"UAI":0.96,"OHZRP":2.7,"IMSS":2.556,"DQCS":63,"HSSI_adm3":1.99,"ETI_adm3":0.749,"MMPG_adm3":1.493,"TECI_adm3":4.456,"GHAD_adm3":6.589,"CHCG_adm3":-14.949,"CHVI_adm3":5.475,"HSER_adm3":5.027,"HCCR_adm3":57.251,"HEG_adm3":0.245,"RFHN_adm3":0.09,"SDCFR_adm3":0.958,"DDHRI_adm3":0.125,"PDBRS_adm3":5.004,"NEDS_adm3":9.695,"HWGEI_adm3":0.519,"UAI_adm3":0.903,"OHZRP_adm3":2.18,"IMSS_adm3":2.583,"DQCS_adm3":62.106,"coast_dist_km":143,"cross_border_score":0,"facility_access_proxy":2.86,"malaria_ecotype":"Coastal-Seasonal"}},{"type":"Feature","geometry":{"type":"Point","coordinates":[32.99,-24.53]},"properties":{"adm3_id":"GA-CHO-174","province":"Gaza","district":"Chokwe","post_name":"Chokwe Sede","pop_2017":175000,"area_km2":420,"urban_class":"peri-urban","pop_density":416.7,"HSSI":2.11,"ETI":0.764,"MMPG":2.135,"TECI":4.45,"GHAD":6.84,"CHCG":-14.5,"CHVI":5.1,"HSER":5.05,"HCCR":56.83,"HEG":0.204,"RFHN":0.07,"SDCFR":1.06,"DDHRI":0.14,"PDBRS":5,"NEDS":10.792,"HWGEI":0.58,"UAI":0.96,"OHZRP":2.7,"IMSS":2.556,"DQCS":63,"HSSI_adm3":1.787,"ETI_adm3":0.622,"MMPG_adm3":1.827,"TECI_adm3":4.585,"GHAD_adm3":6.439,"CHCG_adm3":-13.187,"CHVI_adm3":4.986,"HSER_adm3":5.519,"HCCR_adm3":48.078,"HEG_adm3":0.226,"RFHN_adm3":0.098,"SDCFR_adm3":0.973,"DDHRI_adm3":0.126,"PDBRS_adm3":4.952,"NEDS_adm3":11.148,"HWGEI_adm3":0.629,"UAI_adm3":0.969,"OHZRP_adm3":3.256,"IMSS_adm3":1.817,"DQCS_adm3":63.308,"coast_dist_km":213,"cross_border_score":0,"facility_access_proxy":2.86,"malaria_ecotype":"Lowland-Seasonal"}},{"type":"Feature","geometry":{"type":"Point","coordinates":[33.18,-24.72]},"properties":{"adm3_id":"GA-CHO-175","province":"Gaza","district":"Chokwe","post_name":"Lionde","pop_2017":52000,"area_km2":520,"urban_class":"rural","pop_density":100,"HSSI":2.11,"ETI":0.764,"MMPG":2.135,"TECI":4.45,"GHAD":6.84,"CHCG":-14.5,"CHVI":5.1,"HSER":5.05,"HCCR":56.83,"HEG":0.204,"RFHN":0.07,"SDCFR":1.06,"DDHRI":0.14,"PDBRS":5,"NEDS":10.792,"HWGEI":0.58,"UAI":0.96,"OHZRP":2.7,"IMSS":2.556,"DQCS":63,"HSSI_adm3":2.301,"ETI_adm3":1,"MMPG_adm3":2.591,"TECI_adm3":5.587,"GHAD_adm3":9.273,"CHCG_adm3":-14.741,"CHVI_adm3":6.733,"HSER_adm3":6.836,"HCCR_adm3":73.211,"HEG_adm3":0.211,"RFHN_adm3":0.074,"SDCFR_adm3":1.41,"DDHRI_adm3":0.208,"PDBRS_adm3":7.005,"NEDS_adm3":13.36,"HWGEI_adm3":0.698,"UAI_adm3":1.175,"OHZRP_adm3":2.076,"IMSS_adm3":3.165,"DQCS_adm3":83.242,"coast_dist_km":197,"cross_border_score":0,"facility_access_proxy":1.32,"malaria_ecotype":"Lowland-Seasonal"}},{"type":"Feature","geometry":{"type":"Point","coordinates":[33.29,-25.28]},"properties":{"adm3_id":"GA-BIL-176","province":"Gaza","district":"Bilene","post_name":"Bilene Sede","pop_2017":95000,"area_km2":520,"urban_class":"peri-urban","pop_density":182.7,"HSSI":2.11,"ETI":0.764,"MMPG":2.135,"TECI":4.45,"GHAD":6.84,"CHCG":-14.5,"CHVI":5.1,"HSER":5.05,"HCCR":56.83,"HEG":0.204,"RFHN":0.07,"SDCFR":1.06,"DDHRI":0.14,"PDBRS":5,"NEDS":10.792,"HWGEI":0.58,"UAI":0.96,"OHZRP":2.7,"IMSS":2.556,"DQCS":63,"HSSI_adm3":2.155,"ETI_adm3":0.731,"MMPG_adm3":1.85,"TECI_adm3":4.34,"GHAD_adm3":8.069,"CHCG_adm3":-11.069,"CHVI_adm3":4.223,"HSER_adm3":4.461,"HCCR_adm3":56.827,"HEG_adm3":0.265,"RFHN_adm3":0.07,"SDCFR_adm3":0.741,"DDHRI_adm3":0.144,"PDBRS_adm3":5.789,"NEDS_adm3":11.538,"HWGEI_adm3":0.611,"UAI_adm3":1.127,"OHZRP_adm3":2.484,"IMSS_adm3":3.424,"DQCS_adm3":62.499,"coast_dist_km":188,"cross_border_score":0,"facility_access_proxy":2.86,"malaria_ecotype":"Lowland-Seasonal"}},{"type":"Feature","geometry":{"type":"Point","coordinates":[33.53,-24.67]},"properties":{"adm3_id":"GA-CHI-177","province":"Gaza","district":"Chibuto","post_name":"Chibuto Sede","pop_2017":115000,"area_km2":680,"urban_class":"rural","pop_density":169.1,"HSSI":2.11,"ETI":0.764,"MMPG":2.135,"TECI":4.45,"GHAD":6.84,"CHCG":-14.5,"CHVI":5.1,"HSER":5.05,"HCCR":56.83,"HEG":0.204,"RFHN":0.07,"SDCFR":1.06,"DDHRI":0.14,"PDBRS":5,"NEDS":10.792,"HWGEI":0.58,"UAI":0.96,"OHZRP":2.7,"IMSS":2.556,"DQCS":63,"HSSI_adm3":3.053,"ETI_adm3":0.963,"MMPG_adm3":2.859,"TECI_adm3":4.974,"GHAD_adm3":10.041,"CHCG_adm3":-20.274,"CHVI_adm3":7.111,"HSER_adm3":6.183,"HCCR_adm3":71.218,"HEG_adm3":0.278,"RFHN_adm3":0.088,"SDCFR_adm3":1.07,"DDHRI_adm3":0.163,"PDBRS_adm3":5.568,"NEDS_adm3":11.885,"HWGEI_adm3":0.787,"UAI_adm3":1.372,"OHZRP_adm3":2.014,"IMSS_adm3":3.469,"DQCS_adm3":80.765,"coast_dist_km":167,"cross_border_score":0,"facility_access_proxy":1.32,"malaria_ecotype":"Coastal-Seasonal"}},{"type":"Feature","geometry":{"type":"Point","coordinates":[33.88,-24.71]},"properties":{"adm3_id":"GA-MAN-178","province":"Gaza","district":"Manjacaze","post_name":"Manjacaze Sede","pop_2017":88000,"area_km2":720,"urban_class":"rural","pop_density":122.2,"HSSI":2.11,"ETI":0.764,"MMPG":2.135,"TECI":4.45,"GHAD":6.84,"CHCG":-14.5,"CHVI":5.1,"HSER":5.05,"HCCR":56.83,"HEG":0.204,"RFHN":0.07,"SDCFR":1.06,"DDHRI":0.14,"PDBRS":5,"NEDS":10.792,"HWGEI":0.58,"UAI":0.96,"OHZRP":2.7,"IMSS":2.556,"DQCS":63,"HSSI_adm3":2.68,"ETI_adm3":1,"MMPG_adm3":3.2,"TECI_adm3":5.48,"GHAD_adm3":9.642,"CHCG_adm3":-19.746,"CHVI_adm3":6.173,"HSER_adm3":6.875,"HCCR_adm3":75.415,"HEG_adm3":0.255,"RFHN_adm3":0.086,"SDCFR_adm3":1.286,"DDHRI_adm3":0.172,"PDBRS_adm3":7.273,"NEDS_adm3":13.956,"HWGEI_adm3":0.767,"UAI_adm3":1.204,"OHZRP_adm3":1.613,"IMSS_adm3":2.938,"DQCS_adm3":76.015,"coast_dist_km":138,"cross_border_score":0,"facility_access_proxy":1.32,"malaria_ecotype":"Coastal-Seasonal"}},{"type":"Feature","geometry":{"type":"Point","coordinates":[33.3,-25.04]},"properties":{"adm3_id":"GA-CHO-179","province":"Gaza","district":"Chongoene","post_name":"Chongoene Sede","pop_2017":78000,"area_km2":520,"urban_class":"rural","pop_density":150,"HSSI":2.11,"ETI":0.764,"MMPG":2.135,"TECI":4.45,"GHAD":6.84,"CHCG":-14.5,"CHVI":5.1,"HSER":5.05,"HCCR":56.83,"HEG":0.204,"RFHN":0.07,"SDCFR":1.06,"DDHRI":0.14,"PDBRS":5,"NEDS":10.792,"HWGEI":0.58,"UAI":0.96,"OHZRP":2.7,"IMSS":2.556,"DQCS":63,"HSSI_adm3":2.606,"ETI_adm3":0.841,"MMPG_adm3":2.356,"TECI_adm3":5.157,"GHAD_adm3":8.459,"CHCG_adm3":-15.526,"CHVI_adm3":6.248,"HSER_adm3":6.523,"HCCR_adm3":62.14,"HEG_adm3":0.31,"RFHN_adm3":0.077,"SDCFR_adm3":1.538,"DDHRI_adm3":0.204,"PDBRS_adm3":5.875,"NEDS_adm3":14.915,"HWGEI_adm3":0.776,"UAI_adm3":1.206,"OHZRP_adm3":2.581,"IMSS_adm3":3.382,"DQCS_adm3":81.639,"coast_dist_km":187,"cross_border_score":0,"facility_access_proxy":1.32,"malaria_ecotype":"Lowland-Seasonal"}},{"type":"Feature","geometry":{"type":"Point","coordinates":[33.14,-24.45]},"properties":{"adm3_id":"GA-GUI-180","province":"Gaza","district":"Guija","post_name":"Guija Sede","pop_2017":52000,"area_km2":780,"urban_class":"rural","pop_density":66.7,"HSSI":2.11,"ETI":0.764,"MMPG":2.135,"TECI":4.45,"GHAD":6.84,"CHCG":-14.5,"CHVI":5.1,"HSER":5.05,"HCCR":56.83,"HEG":0.204,"RFHN":0.07,"SDCFR":1.06,"DDHRI":0.14,"PDBRS":5,"NEDS":10.792,"HWGEI":0.58,"UAI":0.96,"OHZRP":2.7,"IMSS":2.556,"DQCS":63,"HSSI_adm3":2.713,"ETI_adm3":0.866,"MMPG_adm3":2.446,"TECI_adm3":4.882,"GHAD_adm3":8.843,"CHCG_adm3":-19.977,"CHVI_adm3":6.069,"HSER_adm3":6.393,"HCCR_adm3":62.044,"HEG_adm3":0.26,"RFHN_adm3":0.064,"SDCFR_adm3":1.265,"DDHRI_adm3":0.206,"PDBRS_adm3":6.652,"NEDS_adm3":14.125,"HWGEI_adm3":0.66,"UAI_adm3":1.168,"OHZRP_adm3":1.975,"IMSS_adm3":2.96,"DQCS_adm3":80.647,"coast_dist_km":201,"cross_border_score":0,"facility_access_proxy":1.32,"malaria_ecotype":"Lowland-Seasonal"}},{"type":"Feature","geometry":{"type":"Point","coordinates":[33.56,-24.87]},"properties":{"adm3_id":"GA-LIM-181","province":"Gaza","district":"Limpopo","post_name":"Limpopo Sede","pop_2017":42000,"area_km2":820,"urban_class":"rural","pop_density":51.2,"HSSI":2.11,"ETI":0.764,"MMPG":2.135,"TECI":4.45,"GHAD":6.84,"CHCG":-14.5,"CHVI":5.1,"HSER":5.05,"HCCR":56.83,"HEG":0.204,"RFHN":0.07,"SDCFR":1.06,"DDHRI":0.14,"PDBRS":5,"NEDS":10.792,"HWGEI":0.58,"UAI":0.96,"OHZRP":2.7,"IMSS":2.556,"DQCS":63,"HSSI_adm3":2.981,"ETI_adm3":0.841,"MMPG_adm3":2.731,"TECI_adm3":5.841,"GHAD_adm3":9.187,"CHCG_adm3":-20.439,"CHVI_adm3":6.014,"HSER_adm3":6.222,"HCCR_adm3":72.285,"HEG_adm3":0.254,"RFHN_adm3":0.089,"SDCFR_adm3":1.339,"DDHRI_adm3":0.158,"PDBRS_adm3":6.648,"NEDS_adm3":13.672,"HWGEI_adm3":0.788,"UAI_adm3":1.296,"OHZRP_adm3":2.563,"IMSS_adm3":2.766,"DQCS_adm3":83.122,"coast_dist_km":165,"cross_border_score":0,"facility_access_proxy":1.32,"malaria_ecotype":"Coastal-Seasonal"}},{"type":"Feature","geometry":{"type":"Point","coordinates":[32.16,-23.86]},"properties":{"adm3_id":"GA-MAS-182","province":"Gaza","district":"Massingir","post_name":"Massingir Sede","pop_2017":35000,"area_km2":1100,"urban_class":"rural","pop_density":31.8,"HSSI":2.11,"ETI":0.764,"MMPG":2.135,"TECI":4.45,"GHAD":6.84,"CHCG":-14.5,"CHVI":5.1,"HSER":5.05,"HCCR":56.83,"HEG":0.204,"RFHN":0.07,"SDCFR":1.06,"DDHRI":0.14,"PDBRS":5,"NEDS":10.792,"HWGEI":0.58,"UAI":0.96,"OHZRP":2.7,"IMSS":2.556,"DQCS":63,"HSSI_adm3":2.695,"ETI_adm3":0.899,"MMPG_adm3":3.098,"TECI_adm3":5.775,"GHAD_adm3":8.651,"CHCG_adm3":-18.976,"CHVI_adm3":6.807,"HSER_adm3":6.154,"HCCR_adm3":71.005,"HEG_adm3":0.232,"RFHN_adm3":0.076,"SDCFR_adm3":1.481,"DDHRI_adm3":0.174,"PDBRS_adm3":5.842,"NEDS_adm3":13.365,"HWGEI_adm3":0.677,"UAI_adm3":1.171,"OHZRP_adm3":2.123,"IMSS_adm3":3.085,"DQCS_adm3":82.353,"coast_dist_km":284,"cross_border_score":8,"facility_access_proxy":1.32,"malaria_ecotype":"Lowland-Seasonal"}},{"type":"Feature","geometry":{"type":"Point","coordinates":[31.68,-22.08]},"properties":{"adm3_id":"GA-CHI-183","province":"Gaza","district":"Chicualacuala","post_name":"Chicualacuala Sede","pop_2017":38000,"area_km2":1800,"urban_class":"rural","pop_density":21.1,"HSSI":2.11,"ETI":0.764,"MMPG":2.135,"TECI":4.45,"GHAD":6.84,"CHCG":-14.5,"CHVI":5.1,"HSER":5.05,"HCCR":56.83,"HEG":0.204,"RFHN":0.07,"SDCFR":1.06,"DDHRI":0.14,"PDBRS":5,"NEDS":10.792,"HWGEI":0.58,"UAI":0.96,"OHZRP":2.7,"IMSS":2.556,"DQCS":63,"HSSI_adm3":2.529,"ETI_adm3":0.986,"MMPG_adm3":2.343,"TECI_adm3":4.591,"GHAD_adm3":8.659,"CHCG_adm3":-17.39,"CHVI_adm3":6.534,"HSER_adm3":6.432,"HCCR_adm3":71.813,"HEG_adm3":0.275,"RFHN_adm3":0.089,"SDCFR_adm3":1.614,"DDHRI_adm3":0.177,"PDBRS_adm3":6.452,"NEDS_adm3":12.4,"HWGEI_adm3":0.74,"UAI_adm3":1.163,"OHZRP_adm3":2.583,"IMSS_adm3":3.224,"DQCS_adm3":81.723,"coast_dist_km":325,"cross_border_score":8,"facility_access_proxy":1.32,"malaria_ecotype":"Lowland-Seasonal"}},{"type":"Feature","geometry":{"type":"Point","coordinates":[33.74,-22.85]},"properties":{"adm3_id":"GA-CHI-184","province":"Gaza","district":"Chigubo","post_name":"Chigubo Sede","pop_2017":28000,"area_km2":1500,"urban_class":"rural","pop_density":18.7,"HSSI":2.11,"ETI":0.764,"MMPG":2.135,"TECI":4.45,"GHAD":6.84,"CHCG":-14.5,"CHVI":5.1,"HSER":5.05,"HCCR":56.83,"HEG":0.204,"RFHN":0.07,"SDCFR":1.06,"DDHRI":0.14,"PDBRS":5,"NEDS":10.792,"HWGEI":0.58,"UAI":0.96,"OHZRP":2.7,"IMSS":2.556,"DQCS":63,"HSSI_adm3":2.929,"ETI_adm3":0.992,"MMPG_adm3":2.735,"TECI_adm3":5.496,"GHAD_adm3":9.234,"CHCG_adm3":-18.304,"CHVI_adm3":6.78,"HSER_adm3":6.208,"HCCR_adm3":68.932,"HEG_adm3":0.271,"RFHN_adm3":0.075,"SDCFR_adm3":1.246,"DDHRI_adm3":0.154,"PDBRS_adm3":6.206,"NEDS_adm3":13.396,"HWGEI_adm3":0.74,"UAI_adm3":1.285,"OHZRP_adm3":2.192,"IMSS_adm3":2.602,"DQCS_adm3":78.253,"coast_dist_km":150,"cross_border_score":7,"facility_access_proxy":1.32,"malaria_ecotype":"Coastal-Seasonal"}},{"type":"Feature","geometry":{"type":"Point","coordinates":[32.96,-21.53]},"properties":{"adm3_id":"GA-MAS-185","province":"Gaza","district":"Massangena","post_name":"Massangena Sede","pop_2017":22000,"area_km2":1800,"urban_class":"rural","pop_density":12.2,"HSSI":2.11,"ETI":0.764,"MMPG":2.135,"TECI":4.45,"GHAD":6.84,"CHCG":-14.5,"CHVI":5.1,"HSER":5.05,"HCCR":56.83,"HEG":0.204,"RFHN":0.07,"SDCFR":1.06,"DDHRI":0.14,"PDBRS":5,"NEDS":10.792,"HWGEI":0.58,"UAI":0.96,"OHZRP":2.7,"IMSS":2.556,"DQCS":63,"HSSI_adm3":2.75,"ETI_adm3":0.975,"MMPG_adm3":3.154,"TECI_adm3":6.104,"GHAD_adm3":8.501,"CHCG_adm3":-19.263,"CHVI_adm3":6.37,"HSER_adm3":6.295,"HCCR_adm3":74.065,"HEG_adm3":0.256,"RFHN_adm3":0.07,"SDCFR_adm3":1.323,"DDHRI_adm3":0.174,"PDBRS_adm3":6.477,"NEDS_adm3":15.134,"HWGEI_adm3":0.752,"UAI_adm3":1.153,"OHZRP_adm3":2.391,"IMSS_adm3":2.831,"DQCS_adm3":79.987,"coast_dist_km":216,"cross_border_score":7,"facility_access_proxy":1.32,"malaria_ecotype":"Lowland-Seasonal"}},{"type":"Feature","geometry":{"type":"Point","coordinates":[32.56,-23.08]},"properties":{"adm3_id":"GA-MAB-186","province":"Gaza","district":"Mabalane","post_name":"Mabalane Sede","pop_2017":32000,"area_km2":1400,"urban_class":"rural","pop_density":22.9,"HSSI":2.11,"ETI":0.764,"MMPG":2.135,"TECI":4.45,"GHAD":6.84,"CHCG":-14.5,"CHVI":5.1,"HSER":5.05,"HCCR":56.83,"HEG":0.204,"RFHN":0.07,"SDCFR":1.06,"DDHRI":0.14,"PDBRS":5,"NEDS":10.792,"HWGEI":0.58,"UAI":0.96,"OHZRP":2.7,"IMSS":2.556,"DQCS":63,"HSSI_adm3":3.042,"ETI_adm3":0.855,"MMPG_adm3":2.229,"TECI_adm3":6.139,"GHAD_adm3":7.944,"CHCG_adm3":-19.305,"CHVI_adm3":6.694,"HSER_adm3":6.345,"HCCR_adm3":75.287,"HEG_adm3":0.228,"RFHN_adm3":0.091,"SDCFR_adm3":1.575,"DDHRI_adm3":0.175,"PDBRS_adm3":6.345,"NEDS_adm3":13.335,"HWGEI_adm3":0.744,"UAI_adm3":1.197,"OHZRP_adm3":2.346,"IMSS_adm3":3.198,"DQCS_adm3":84.121,"coast_dist_km":250,"cross_border_score":7,"facility_access_proxy":1.32,"malaria_ecotype":"Lowland-Seasonal"}},{"type":"Feature","geometry":{"type":"Point","coordinates":[33.8,-24.92]},"properties":{"adm3_id":"GA-MAN-187","province":"Gaza","district":"Mandlakazi","post_name":"Mandlakazi Sede","pop_2017":68000,"area_km2":680,"urban_class":"rural","pop_density":100,"HSSI":2.11,"ETI":0.764,"MMPG":2.135,"TECI":4.45,"GHAD":6.84,"CHCG":-14.5,"CHVI":5.1,"HSER":5.05,"HCCR":56.83,"HEG":0.204,"RFHN":0.07,"SDCFR":1.06,"DDHRI":0.14,"PDBRS":5,"NEDS":10.792,"HWGEI":0.58,"UAI":0.96,"OHZRP":2.7,"IMSS":2.556,"DQCS":63,"HSSI_adm3":2.686,"ETI_adm3":0.791,"MMPG_adm3":2.328,"TECI_adm3":6.121,"GHAD_adm3":8.206,"CHCG_adm3":-19.372,"CHVI_adm3":6.114,"HSER_adm3":6.032,"HCCR_adm3":73.243,"HEG_adm3":0.259,"RFHN_adm3":0.09,"SDCFR_adm3":1.116,"DDHRI_adm3":0.199,"PDBRS_adm3":6.74,"NEDS_adm3":12.329,"HWGEI_adm3":0.677,"UAI_adm3":1.063,"OHZRP_adm3":2.314,"IMSS_adm3":3.066,"DQCS_adm3":75.457,"coast_dist_km":145,"cross_border_score":0,"facility_access_proxy":1.32,"malaria_ecotype":"Coastal-Seasonal"}},{"type":"Feature","geometry":{"type":"Point","coordinates":[32.45,-25.97]},"properties":{"adm3_id":"MP-MAT-188","province":"Maputo Província","district":"Matola","post_name":"Matola Sede","pop_2017":785000,"area_km2":380,"urban_class":"urban","pop_density":2065.8,"HSSI":1.7,"ETI":0.551,"MMPG":1.748,"TECI":4.08,"GHAD":3.6,"CHCG":-24.5,"CHVI":3.19,"HSER":3.79,"HCCR":60.93,"HEG":0.181,"RFHN":0.204,"SDCFR":1.05,"DDHRI":0.39,"PDBRS":8,"NEDS":7.805,"HWGEI":0.6,"UAI":2.8299999999999996,"OHZRP":1.16,"IMSS":1.784,"DQCS":72,"HSSI_adm3":1.098,"ETI_adm3":0.444,"MMPG_adm3":1.305,"TECI_adm3":3.283,"GHAD_adm3":3.16,"CHCG_adm3":-22.195,"CHVI_adm3":3.428,"HSER_adm3":3.199,"HCCR_adm3":47.47,"HEG_adm3":0.143,"RFHN_adm3":0.178,"SDCFR_adm3":0.98,"DDHRI_adm3":0.362,"PDBRS_adm3":6.449,"NEDS_adm3":5.778,"HWGEI_adm3":0.402,"UAI_adm3":2.43,"OHZRP_adm3":1.444,"IMSS_adm3":1.516,"DQCS_adm3":53.974,"coast_dist_km":259,"cross_border_score":0,"facility_access_proxy":7,"malaria_ecotype":"Lowland-Seasonal"}},{"type":"Feature","geometry":{"type":"Point","coordinates":[32.38,-26.08]},"properties":{"adm3_id":"MP-MAT-189","province":"Maputo Província","district":"Matola","post_name":"Matola Rio","pop_2017":88000,"area_km2":220,"urban_class":"urban","pop_density":400,"HSSI":1.7,"ETI":0.551,"MMPG":1.748,"TECI":4.08,"GHAD":3.6,"CHCG":-24.5,"CHVI":3.19,"HSER":3.79,"HCCR":60.93,"HEG":0.181,"RFHN":0.204,"SDCFR":1.05,"DDHRI":0.39,"PDBRS":8,"NEDS":7.805,"HWGEI":0.6,"UAI":2.8299999999999996,"OHZRP":1.16,"IMSS":1.784,"DQCS":72,"HSSI_adm3":1.067,"ETI_adm3":0.415,"MMPG_adm3":1.284,"TECI_adm3":2.842,"GHAD_adm3":2.881,"CHCG_adm3":-12.869,"CHVI_adm3":1.936,"HSER_adm3":3.945,"HCCR_adm3":38.449,"HEG_adm3":0.103,"RFHN_adm3":0.221,"SDCFR_adm3":0.702,"DDHRI_adm3":0.298,"PDBRS_adm3":6.291,"NEDS_adm3":6.434,"HWGEI_adm3":0.531,"UAI_adm3":2.723,"OHZRP_adm3":1.357,"IMSS_adm3":1.155,"DQCS_adm3":58.647,"coast_dist_km":265,"cross_border_score":0,"facility_access_proxy":7,"malaria_ecotype":"Lowland-Seasonal"}},{"type":"Feature","geometry":{"type":"Point","coordinates":[32.81,-25.4]},"properties":{"adm3_id":"MP-MAN-190","province":"Maputo Província","district":"Manhica","post_name":"Manhica Sede","pop_2017":185000,"area_km2":480,"urban_class":"peri-urban","pop_density":385.4,"HSSI":1.7,"ETI":0.551,"MMPG":1.748,"TECI":4.08,"GHAD":3.6,"CHCG":-24.5,"CHVI":3.19,"HSER":3.79,"HCCR":60.93,"HEG":0.181,"RFHN":0.204,"SDCFR":1.05,"DDHRI":0.39,"PDBRS":8,"NEDS":7.805,"HWGEI":0.6,"UAI":2.8299999999999996,"OHZRP":1.16,"IMSS":1.784,"DQCS":72,"HSSI_adm3":2.053,"ETI_adm3":0.576,"MMPG_adm3":1.927,"TECI_adm3":3.539,"GHAD_adm3":3.75,"CHCG_adm3":-23.622,"CHVI_adm3":3.685,"HSER_adm3":3.233,"HCCR_adm3":64.687,"HEG_adm3":0.134,"RFHN_adm3":0.211,"SDCFR_adm3":1.064,"DDHRI_adm3":0.381,"PDBRS_adm3":8.712,"NEDS_adm3":7.451,"HWGEI_adm3":0.611,"UAI_adm3":3,"OHZRP_adm3":1.446,"IMSS_adm3":1.944,"DQCS_adm3":74.396,"coast_dist_km":229,"cross_border_score":0,"facility_access_proxy":3.64,"malaria_ecotype":"Lowland-Seasonal"}},{"type":"Feature","geometry":{"type":"Point","coordinates":[32.79,-25.03]},"properties":{"adm3_id":"MP-MAN-191","province":"Maputo Província","district":"Manhica","post_name":"Xinavane","pop_2017":68000,"area_km2":420,"urban_class":"peri-urban","pop_density":161.9,"HSSI":1.7,"ETI":0.551,"MMPG":1.748,"TECI":4.08,"GHAD":3.6,"CHCG":-24.5,"CHVI":3.19,"HSER":3.79,"HCCR":60.93,"HEG":0.181,"RFHN":0.204,"SDCFR":1.05,"DDHRI":0.39,"PDBRS":8,"NEDS":7.805,"HWGEI":0.6,"UAI":2.8299999999999996,"OHZRP":1.16,"IMSS":1.784,"DQCS":72,"HSSI_adm3":2.069,"ETI_adm3":0.589,"MMPG_adm3":1.801,"TECI_adm3":4.252,"GHAD_adm3":3.896,"CHCG_adm3":-21.884,"CHVI_adm3":3.727,"HSER_adm3":3.891,"HCCR_adm3":66.897,"HEG_adm3":0.199,"RFHN_adm3":0.217,"SDCFR_adm3":1.017,"DDHRI_adm3":0.417,"PDBRS_adm3":8.377,"NEDS_adm3":8.264,"HWGEI_adm3":0.667,"UAI_adm3":3.176,"OHZRP_adm3":1.025,"IMSS_adm3":1.519,"DQCS_adm3":67.245,"coast_dist_km":230,"cross_border_score":0,"facility_access_proxy":3.64,"malaria_ecotype":"Lowland-Seasonal"}},{"type":"Feature","geometry":{"type":"Point","coordinates":[32.7,-25.74]},"properties":{"adm3_id":"MP-MAR-192","province":"Maputo Província","district":"Marracuene","post_name":"Marracuene Sede","pop_2017":115000,"area_km2":320,"urban_class":"peri-urban","pop_density":359.4,"HSSI":1.7,"ETI":0.551,"MMPG":1.748,"TECI":4.08,"GHAD":3.6,"CHCG":-24.5,"CHVI":3.19,"HSER":3.79,"HCCR":60.93,"HEG":0.181,"RFHN":0.204,"SDCFR":1.05,"DDHRI":0.39,"PDBRS":8,"NEDS":7.805,"HWGEI":0.6,"UAI":2.8299999999999996,"OHZRP":1.16,"IMSS":1.784,"DQCS":72,"HSSI_adm3":1.662,"ETI_adm3":0.558,"MMPG_adm3":1.358,"TECI_adm3":4.269,"GHAD_adm3":3.434,"CHCG_adm3":-25.943,"CHVI_adm3":2.855,"HSER_adm3":3.552,"HCCR_adm3":64.078,"HEG_adm3":0.098,"RFHN_adm3":0.176,"SDCFR_adm3":0.92,"DDHRI_adm3":0.366,"PDBRS_adm3":8.476,"NEDS_adm3":8.3,"HWGEI_adm3":0.597,"UAI_adm3":2.63,"OHZRP_adm3":1.161,"IMSS_adm3":2.152,"DQCS_adm3":71.569,"coast_dist_km":238,"cross_border_score":0,"facility_access_proxy":3.64,"malaria_ecotype":"Lowland-Seasonal"}},{"type":"Feature","geometry":{"type":"Point","coordinates":[32.33,-26.03]},"properties":{"adm3_id":"MP-BOA-193","province":"Maputo Província","district":"Boane","post_name":"Boane Sede","pop_2017":125000,"area_km2":480,"urban_class":"peri-urban","pop_density":260.4,"HSSI":1.7,"ETI":0.551,"MMPG":1.748,"TECI":4.08,"GHAD":3.6,"CHCG":-24.5,"CHVI":3.19,"HSER":3.79,"HCCR":60.93,"HEG":0.181,"RFHN":0.204,"SDCFR":1.05,"DDHRI":0.39,"PDBRS":8,"NEDS":7.805,"HWGEI":0.6,"UAI":2.8299999999999996,"OHZRP":1.16,"IMSS":1.784,"DQCS":72,"HSSI_adm3":1.618,"ETI_adm3":0.592,"MMPG_adm3":1.861,"TECI_adm3":4.723,"GHAD_adm3":3.934,"CHCG_adm3":-25.049,"CHVI_adm3":4.066,"HSER_adm3":3.971,"HCCR_adm3":56.633,"HEG_adm3":0.188,"RFHN_adm3":0.17,"SDCFR_adm3":0.916,"DDHRI_adm3":0.414,"PDBRS_adm3":7.568,"NEDS_adm3":8.647,"HWGEI_adm3":0.519,"UAI_adm3":2.886,"OHZRP_adm3":1.162,"IMSS_adm3":1.4,"DQCS_adm3":71.458,"coast_dist_km":269,"cross_border_score":0,"facility_access_proxy":3.64,"malaria_ecotype":"Lowland-Seasonal"}},{"type":"Feature","geometry":{"type":"Point","coordinates":[32.01,-26.09]},"properties":{"adm3_id":"MP-NAM-194","province":"Maputo Província","district":"Namaacha","post_name":"Namaacha Sede","pop_2017":68000,"area_km2":720,"urban_class":"rural","pop_density":94.4,"HSSI":1.7,"ETI":0.551,"MMPG":1.748,"TECI":4.08,"GHAD":3.6,"CHCG":-24.5,"CHVI":3.19,"HSER":3.79,"HCCR":60.93,"HEG":0.181,"RFHN":0.204,"SDCFR":1.05,"DDHRI":0.39,"PDBRS":8,"NEDS":7.805,"HWGEI":0.6,"UAI":2.8299999999999996,"OHZRP":1.16,"IMSS":1.784,"DQCS":72,"HSSI_adm3":2.438,"ETI_adm3":0.701,"MMPG_adm3":2.058,"TECI_adm3":5.65,"GHAD_adm3":4.667,"CHCG_adm3":-32.73,"CHVI_adm3":4.379,"HSER_adm3":4.752,"HCCR_adm3":79.454,"HEG_adm3":0.211,"RFHN_adm3":0.297,"SDCFR_adm3":1.35,"DDHRI_adm3":0.484,"PDBRS_adm3":9.321,"NEDS_adm3":11.104,"HWGEI_adm3":0.8,"UAI_adm3":3.315,"OHZRP_adm3":0.965,"IMSS_adm3":1.985,"DQCS_adm3":77.218,"coast_dist_km":297,"cross_border_score":8,"facility_access_proxy":1.68,"malaria_ecotype":"Lowland-Seasonal"}},{"type":"Feature","geometry":{"type":"Point","coordinates":[32.62,-25.61]},"properties":{"adm3_id":"MP-MOA-195","province":"Maputo Província","district":"Moamba","post_name":"Moamba Sede","pop_2017":78000,"area_km2":820,"urban_class":"rural","pop_density":95.1,"HSSI":1.7,"ETI":0.551,"MMPG":1.748,"TECI":4.08,"GHAD":3.6,"CHCG":-24.5,"CHVI":3.19,"HSER":3.79,"HCCR":60.93,"HEG":0.181,"RFHN":0.204,"SDCFR":1.05,"DDHRI":0.39,"PDBRS":8,"NEDS":7.805,"HWGEI":0.6,"UAI":2.8299999999999996,"OHZRP":1.16,"IMSS":1.784,"DQCS":72,"HSSI_adm3":1.888,"ETI_adm3":0.717,"MMPG_adm3":2.465,"TECI_adm3":5.034,"GHAD_adm3":3.954,"CHCG_adm3":-38.448,"CHVI_adm3":4.369,"HSER_adm3":4.976,"HCCR_adm3":80.366,"HEG_adm3":0.268,"RFHN_adm3":0.231,"SDCFR_adm3":1.448,"DDHRI_adm3":0.448,"PDBRS_adm3":9.631,"NEDS_adm3":10.699,"HWGEI_adm3":0.729,"UAI_adm3":3.484,"OHZRP_adm3":0.841,"IMSS_adm3":2.324,"DQCS_adm3":88.733,"coast_dist_km":245,"cross_border_score":0,"facility_access_proxy":1.68,"malaria_ecotype":"Lowland-Seasonal"}},{"type":"Feature","geometry":{"type":"Point","coordinates":[32.66,-25.02]},"properties":{"adm3_id":"MP-MAG-196","province":"Maputo Província","district":"Magude","post_name":"Magude Sede","pop_2017":52000,"area_km2":1100,"urban_class":"rural","pop_density":47.3,"HSSI":1.7,"ETI":0.551,"MMPG":1.748,"TECI":4.08,"GHAD":3.6,"CHCG":-24.5,"CHVI":3.19,"HSER":3.79,"HCCR":60.93,"HEG":0.181,"RFHN":0.204,"SDCFR":1.05,"DDHRI":0.39,"PDBRS":8,"NEDS":7.805,"HWGEI":0.6,"UAI":2.8299999999999996,"OHZRP":1.16,"IMSS":1.784,"DQCS":72,"HSSI_adm3":1.934,"ETI_adm3":0.651,"MMPG_adm3":2.047,"TECI_adm3":4.478,"GHAD_adm3":5.137,"CHCG_adm3":-34.69,"CHVI_adm3":3.999,"HSER_adm3":5.106,"HCCR_adm3":83.776,"HEG_adm3":0.211,"RFHN_adm3":0.228,"SDCFR_adm3":1.295,"DDHRI_adm3":0.448,"PDBRS_adm3":9.596,"NEDS_adm3":8.872,"HWGEI_adm3":0.77,"UAI_adm3":3.72,"OHZRP_adm3":0.952,"IMSS_adm3":2.603,"DQCS_adm3":89.092,"coast_dist_km":241,"cross_border_score":0,"facility_access_proxy":1.68,"malaria_ecotype":"Lowland-Seasonal"}},{"type":"Feature","geometry":{"type":"Point","coordinates":[32.74,-26.52]},"properties":{"adm3_id":"MP-MAT-197","province":"Maputo Província","district":"Matutuine","post_name":"Matutuine Sede","pop_2017":48000,"area_km2":5500,"urban_class":"rural","pop_density":8.7,"HSSI":1.7,"ETI":0.551,"MMPG":1.748,"TECI":4.08,"GHAD":3.6,"CHCG":-24.5,"CHVI":3.19,"HSER":3.79,"HCCR":60.93,"HEG":0.181,"RFHN":0.204,"SDCFR":1.05,"DDHRI":0.39,"PDBRS":8,"NEDS":7.805,"HWGEI":0.6,"UAI":2.8299999999999996,"OHZRP":1.16,"IMSS":1.784,"DQCS":72,"HSSI_adm3":2.263,"ETI_adm3":0.679,"MMPG_adm3":2.045,"TECI_adm3":4.941,"GHAD_adm3":4.279,"CHCG_adm3":-35.966,"CHVI_adm3":3.902,"HSER_adm3":4.798,"HCCR_adm3":71.883,"HEG_adm3":0.247,"RFHN_adm3":0.254,"SDCFR_adm3":1.322,"DDHRI_adm3":0.547,"PDBRS_adm3":10.511,"NEDS_adm3":8.901,"HWGEI_adm3":0.712,"UAI_adm3":3.562,"OHZRP_adm3":0.88,"IMSS_adm3":2.301,"DQCS_adm3":89.075,"coast_dist_km":235,"cross_border_score":8,"facility_access_proxy":1.68,"malaria_ecotype":"Lowland-Seasonal"}},{"type":"Feature","geometry":{"type":"Point","coordinates":[32.57,-25.97]},"properties":{"adm3_id":"MC-KAM-198","province":"Maputo Cidade","district":"KaMpfumu","post_name":"KaMpfumu","pop_2017":185000,"area_km2":18,"urban_class":"urban","pop_density":10277.8,"HSSI":2.5,"ETI":0.338,"MMPG":1.024,"TECI":0.85,"GHAD":0.07,"CHCG":-34.5,"CHVI":1.95,"HSER":2.4,"HCCR":69.84,"HEG":0.093,"RFHN":0.65,"SDCFR":1.02,"DDHRI":1.1,"PDBRS":11,"NEDS":5.808,"HWGEI":0.62,"UAI":9.8,"OHZRP":0,"IMSS":1.056,"DQCS":78,"HSSI_adm3":1.878,"ETI_adm3":0.278,"MMPG_adm3":0.891,"TECI_adm3":0.704,"GHAD_adm3":0.026,"CHCG_adm3":-36.937,"CHVI_adm3":1.509,"HSER_adm3":2.149,"HCCR_adm3":54.604,"HEG_adm3":0.066,"RFHN_adm3":0.514,"SDCFR_adm3":0.892,"DDHRI_adm3":0.865,"PDBRS_adm3":9.669,"NEDS_adm3":4.593,"HWGEI_adm3":0.594,"UAI_adm3":6.718,"OHZRP_adm3":0,"IMSS_adm3":0.922,"DQCS_adm3":71.249,"coast_dist_km":249,"cross_border_score":0,"facility_access_proxy":10,"malaria_ecotype":"Lowland-Seasonal"}},{"type":"Feature","geometry":{"type":"Point","coordinates":[32.58,-25.95]},"properties":{"adm3_id":"MC-KAN-199","province":"Maputo Cidade","district":"KaNhlamankulu","post_name":"KaNhlamankulu","pop_2017":215000,"area_km2":22,"urban_class":"urban","pop_density":9772.7,"HSSI":2.5,"ETI":0.338,"MMPG":1.024,"TECI":0.85,"GHAD":0.07,"CHCG":-34.5,"CHVI":1.95,"HSER":2.4,"HCCR":69.84,"HEG":0.093,"RFHN":0.65,"SDCFR":1.02,"DDHRI":1.1,"PDBRS":11,"NEDS":5.808,"HWGEI":0.62,"UAI":9.8,"OHZRP":0,"IMSS":1.056,"DQCS":78,"HSSI_adm3":1.998,"ETI_adm3":0.301,"MMPG_adm3":0.921,"TECI_adm3":0.657,"GHAD_adm3":0.037,"CHCG_adm3":-32.561,"CHVI_adm3":1.655,"HSER_adm3":1.446,"HCCR_adm3":60.055,"HEG_adm3":0.077,"RFHN_adm3":0.464,"SDCFR_adm3":0.687,"DDHRI_adm3":1.041,"PDBRS_adm3":8.662,"NEDS_adm3":4.327,"HWGEI_adm3":0.444,"UAI_adm3":6.796,"OHZRP_adm3":0,"IMSS_adm3":0.847,"DQCS_adm3":54.801,"coast_dist_km":248,"cross_border_score":0,"facility_access_proxy":10,"malaria_ecotype":"Lowland-Seasonal"}},{"type":"Feature","geometry":{"type":"Point","coordinates":[32.56,-25.94]},"properties":{"adm3_id":"MC-KAM-200","province":"Maputo Cidade","district":"KaMaxaqueni","post_name":"KaMaxaqueni","pop_2017":192000,"area_km2":25,"urban_class":"urban","pop_density":7680,"HSSI":2.5,"ETI":0.338,"MMPG":1.024,"TECI":0.85,"GHAD":0.07,"CHCG":-34.5,"CHVI":1.95,"HSER":2.4,"HCCR":69.84,"HEG":0.093,"RFHN":0.65,"SDCFR":1.02,"DDHRI":1.1,"PDBRS":11,"NEDS":5.808,"HWGEI":0.62,"UAI":9.8,"OHZRP":0,"IMSS":1.056,"DQCS":78,"HSSI_adm3":1.949,"ETI_adm3":0.256,"MMPG_adm3":0.879,"TECI_adm3":0.615,"GHAD_adm3":0.037,"CHCG_adm3":-22.101,"CHVI_adm3":1.902,"HSER_adm3":2.241,"HCCR_adm3":56.193,"HEG_adm3":0.09,"RFHN_adm3":0.501,"SDCFR_adm3":0.914,"DDHRI_adm3":0.83,"PDBRS_adm3":10.074,"NEDS_adm3":3.842,"HWGEI_adm3":0.476,"UAI_adm3":6.743,"OHZRP_adm3":0,"IMSS_adm3":0.704,"DQCS_adm3":57.246,"coast_dist_km":250,"cross_border_score":0,"facility_access_proxy":10,"malaria_ecotype":"Lowland-Seasonal"}},{"type":"Feature","geometry":{"type":"Point","coordinates":[32.61,-25.92]},"properties":{"adm3_id":"MC-KAM-201","province":"Maputo Cidade","district":"KaMavota","post_name":"KaMavota","pop_2017":228000,"area_km2":35,"urban_class":"urban","pop_density":6514.3,"HSSI":2.5,"ETI":0.338,"MMPG":1.024,"TECI":0.85,"GHAD":0.07,"CHCG":-34.5,"CHVI":1.95,"HSER":2.4,"HCCR":69.84,"HEG":0.093,"RFHN":0.65,"SDCFR":1.02,"DDHRI":1.1,"PDBRS":11,"NEDS":5.808,"HWGEI":0.62,"UAI":9.8,"OHZRP":0,"IMSS":1.056,"DQCS":78,"HSSI_adm3":2.105,"ETI_adm3":0.29,"MMPG_adm3":0.595,"TECI_adm3":0.708,"GHAD_adm3":0.057,"CHCG_adm3":-27.784,"CHVI_adm3":1.604,"HSER_adm3":1.996,"HCCR_adm3":49.618,"HEG_adm3":0.065,"RFHN_adm3":0.596,"SDCFR_adm3":0.924,"DDHRI_adm3":0.909,"PDBRS_adm3":10.018,"NEDS_adm3":4.334,"HWGEI_adm3":0.502,"UAI_adm3":8.23,"OHZRP_adm3":0,"IMSS_adm3":0.778,"DQCS_adm3":46.074,"coast_dist_km":246,"cross_border_score":0,"facility_access_proxy":10,"malaria_ecotype":"Lowland-Seasonal"}},{"type":"Feature","geometry":{"type":"Point","coordinates":[32.53,-25.99]},"properties":{"adm3_id":"MC-KAM-202","province":"Maputo Cidade","district":"KaMubukwana","post_name":"KaMubukwana","pop_2017":235000,"area_km2":30,"urban_class":"urban","pop_density":7833.3,"HSSI":2.5,"ETI":0.338,"MMPG":1.024,"TECI":0.85,"GHAD":0.07,"CHCG":-34.5,"CHVI":1.95,"HSER":2.4,"HCCR":69.84,"HEG":0.093,"RFHN":0.65,"SDCFR":1.02,"DDHRI":1.1,"PDBRS":11,"NEDS":5.808,"HWGEI":0.62,"UAI":9.8,"OHZRP":0,"IMSS":1.056,"DQCS":78,"HSSI_adm3":2.436,"ETI_adm3":0.261,"MMPG_adm3":0.891,"TECI_adm3":0.624,"GHAD_adm3":0.051,"CHCG_adm3":-22.244,"CHVI_adm3":1.338,"HSER_adm3":2.138,"HCCR_adm3":58.193,"HEG_adm3":0.095,"RFHN_adm3":0.47,"SDCFR_adm3":1.161,"DDHRI_adm3":1.114,"PDBRS_adm3":9.017,"NEDS_adm3":4.311,"HWGEI_adm3":0.431,"UAI_adm3":9.479,"OHZRP_adm3":0.001,"IMSS_adm3":0.679,"DQCS_adm3":59.394,"coast_dist_km":252,"cross_border_score":0,"facility_access_proxy":10,"malaria_ecotype":"Lowland-Seasonal"}},{"type":"Feature","geometry":{"type":"Point","coordinates":[32.56,-26.05]},"properties":{"adm3_id":"MC-KAT-203","province":"Maputo Cidade","district":"KaTembe","post_name":"KaTembe","pop_2017":58000,"area_km2":120,"urban_class":"peri-urban","pop_density":483.3,"HSSI":2.5,"ETI":0.338,"MMPG":1.024,"TECI":0.85,"GHAD":0.07,"CHCG":-34.5,"CHVI":1.95,"HSER":2.4,"HCCR":69.84,"HEG":0.093,"RFHN":0.65,"SDCFR":1.02,"DDHRI":1.1,"PDBRS":11,"NEDS":5.808,"HWGEI":0.62,"UAI":9.8,"OHZRP":0,"IMSS":1.056,"DQCS":78,"HSSI_adm3":2.528,"ETI_adm3":0.334,"MMPG_adm3":0.887,"TECI_adm3":0.78,"GHAD_adm3":0.064,"CHCG_adm3":-32.794,"CHVI_adm3":2.151,"HSER_adm3":2.154,"HCCR_adm3":73.079,"HEG_adm3":0.072,"RFHN_adm3":0.564,"SDCFR_adm3":0.97,"DDHRI_adm3":0.996,"PDBRS_adm3":10.269,"NEDS_adm3":5.333,"HWGEI_adm3":0.64,"UAI_adm3":10,"OHZRP_adm3":0.005,"IMSS_adm3":0.881,"DQCS_adm3":75.527,"coast_dist_km":250,"cross_border_score":0,"facility_access_proxy":5.85,"malaria_ecotype":"Lowland-Seasonal"}},{"type":"Feature","geometry":{"type":"Point","coordinates":[32.59,-25.96]},"properties":{"adm3_id":"MC-NLH-204","province":"Maputo Cidade","district":"Nlhamankulu","post_name":"Nlhamankulu","pop_2017":112000,"area_km2":20,"urban_class":"urban","pop_density":5600,"HSSI":2.5,"ETI":0.338,"MMPG":1.024,"TECI":0.85,"GHAD":0.07,"CHCG":-34.5,"CHVI":1.95,"HSER":2.4,"HCCR":69.84,"HEG":0.093,"RFHN":0.65,"SDCFR":1.02,"DDHRI":1.1,"PDBRS":11,"NEDS":5.808,"HWGEI":0.62,"UAI":9.8,"OHZRP":0,"IMSS":1.056,"DQCS":78,"HSSI_adm3":2.2,"ETI_adm3":0.301,"MMPG_adm3":0.85,"TECI_adm3":0.715,"GHAD_adm3":0.067,"CHCG_adm3":-24.352,"CHVI_adm3":1.785,"HSER_adm3":1.752,"HCCR_adm3":56.364,"HEG_adm3":0.081,"RFHN_adm3":0.578,"SDCFR_adm3":0.755,"DDHRI_adm3":0.694,"PDBRS_adm3":10.202,"NEDS_adm3":4.423,"HWGEI_adm3":0.592,"UAI_adm3":6.335,"OHZRP_adm3":0.005,"IMSS_adm3":0.9,"DQCS_adm3":59.213,"coast_dist_km":247,"cross_border_score":0,"facility_access_proxy":10,"malaria_ecotype":"Lowland-Seasonal"}}]}